City,Date,TempMin,TempMax,TempAvg,FeelsLike,Humidity,WindSpeed,Pressure,CloudCover,Rainfall,Weather
Lucknow,2026-03-17,29.2,36.2,32.2,34.2,64,5.8,1007,37,0,Mist
Lucknow,2026-03-18,30.3,37.3,33.3,35.3,61,7.8,1002,1,0,Haze
Lucknow,2026-03-19,29.6,36.6,32.6,34.6,76,5.9,1007,69,0,Clouds
Lucknow,2026-03-20,29.5,36.5,32.5,34.5,71,3.5,1017,24,0,Mist
Lucknow,2026-03-21,28.2,35.2,31.2,33.2,52,3.9,1012,11,0,Mist
Varanasi,2026-03-17,27.7,34.7,30.7,32.7,62,5.5,1010,28,0,Clouds
Varanasi,2026-03-18,32.3,39.3,35.3,37.3,83,6.8,1017,32,0,Haze
Varanasi,2026-03-19,32.3,39.3,35.3,37.3,52,3.8,1003,30,0,Clear
Varanasi,2026-03-20,30.7,37.7,33.7,35.7,77,7.1,1006,15,0,Haze
Varanasi,2026-03-21,29.4,36.4,32.4,34.4,55,6,1005,19,0,Clear
Prayagraj,2026-03-17,33.8,40.8,36.8,38.8,60,3.1,1003,35,0,Mist
Prayagraj,2026-03-18,34.1,41.1,37.1,39.1,70,2.4,1009,28,0,Haze
Prayagraj,2026-03-19,33.9,40.9,36.9,38.9,69,5.8,1009,64,0,Mist
Prayagraj,2026-03-20,29.9,36.9,32.9,34.9,74,5.6,1008,31,0,Haze
Prayagraj,2026-03-21,30.7,37.7,33.7,35.7,66,4.9,1014,26,0,Clear
Kanpur,2026-03-17,30.5,37.5,33.5,35.5,53,3.3,1017,36,9.7,Rain
Kanpur,2026-03-18,33.5,40.5,36.5,38.5,54,3.6,1014,40,8.5,Rain
Kanpur,2026-03-19,31.9,38.9,34.9,36.9,82,4.4,1000,19,0,Clear
Kanpur,2026-03-20,33.2,40.2,36.2,38.2,72,6.4,1004,46,0,Haze
Kanpur,2026-03-21,29.4,36.4,32.4,34.4,52,7.3,1015,65,0,Clear
Agra,2026-03-17,32.5,39.5,35.5,37.5,78,5.9,1009,29,0,Mist
Agra,2026-03-18,35.6,42.6,38.6,40.6,71,2.1,1014,23,8.3,Rain
Agra,2026-03-19,34.6,41.6,37.6,39.6,71,5.1,1000,3,0,Mist
Agra,2026-03-20,34.3,41.3,37.3,39.3,74,4,1009,67,0,Mist
Agra,2026-03-21,31.6,38.6,34.6,36.6,58,6.6,1010,55,0,Clouds
Ghaziabad,2026-03-17,29.9,36.9,32.9,34.9,58,4.5,1005,62,0,Clear
Ghaziabad,2026-03-18,34.8,41.8,37.8,39.8,64,4.5,1012,27,0,Mist
Ghaziabad,2026-03-19,30,37,33,35,74,2.6,1003,51,0,Clear
Ghaziabad,2026-03-20,32.7,39.7,35.7,37.7,84,6.4,1015,57,7.6,Rain
Ghaziabad,2026-03-21,29.6,36.6,32.6,34.6,81,6.4,1007,55,0,Mist
Meerut,2026-03-17,32.6,39.6,35.6,37.6,50,6.9,1000,65,0,Mist
Meerut,2026-03-18,30.3,37.3,33.3,35.3,69,4.5,1013,24,0,Clouds
Meerut,2026-03-19,31.2,38.2,34.2,36.2,68,5.4,1002,11,0,Haze
Meerut,2026-03-20,29.7,36.7,32.7,34.7,54,2.4,1013,60,0,Clear
Meerut,2026-03-21,30,37,33,35,54,2.9,1002,22,0,Haze
Aligarh,2026-03-17,33.6,40.6,36.6,38.6,68,7.1,1007,23,0,Haze
Aligarh,2026-03-18,29.1,36.1,32.1,34.1,68,5.3,1010,25,0,Haze
Aligarh,2026-03-19,29.3,36.3,32.3,34.3,60,2.6,1017,34,0,Clear
Aligarh,2026-03-20,30.3,37.3,33.3,35.3,73,4.6,1000,40,0,Haze
Aligarh,2026-03-21,34.5,41.5,37.5,39.5,74,6.3,1011,60,7.6,Rain
Bareilly,2026-03-17,32.7,39.7,35.7,37.7,66,2.1,1001,9,0,Clouds
Bareilly,2026-03-18,33.3,40.3,36.3,38.3,83,6.4,1002,58,0,Clouds
Bareilly,2026-03-19,28.2,35.2,31.2,33.2,79,7.3,1012,30,0,Clear
Bareilly,2026-03-20,33.4,40.4,36.4,38.4,74,7.5,1000,52,0,Clouds
Bareilly,2026-03-21,32.1,39.1,35.1,37.1,59,2.4,1003,1,0,Clouds
Noida,2026-03-17,34,41,37,39,80,3.5,1010,43,0,Haze
Noida,2026-03-18,30,37,33,35,65,5.7,1015,20,0,Haze
Noida,2026-03-19,31.5,38.5,34.5,36.5,61,3.7,1003,61,0,Clouds
Noida,2026-03-20,31.4,38.4,34.4,36.4,66,2.6,1001,19,11.6,Rain
Noida,2026-03-21,32.2,39.2,35.2,37.2,68,5.8,1012,5,0,Clouds
Moradabad,2026-03-17,30.7,37.7,33.7,35.7,62,6.6,1001,41,0,Haze
Moradabad,2026-03-18,33,40,36,38,66,7.3,1010,63,11.8,Rain
Moradabad,2026-03-19,30.9,37.9,33.9,35.9,73,7.4,1014,59,0,Haze
Moradabad,2026-03-20,32.6,39.6,35.6,37.6,75,7.9,1001,41,0,Haze
Moradabad,2026-03-21,32.9,39.9,35.9,37.9,81,5.4,1010,44,0,Clouds
Gorakhpur,2026-03-17,30.7,37.7,33.7,35.7,64,4.2,1006,11,0,Clouds
Gorakhpur,2026-03-18,30.1,37.1,33.1,35.1,67,6.8,1013,58,14.9,Rain
Gorakhpur,2026-03-19,29.7,36.7,32.7,34.7,53,6,1007,4,0,Haze
Gorakhpur,2026-03-20,31.9,38.9,34.9,36.9,67,7.7,1003,65,0,Mist
Gorakhpur,2026-03-21,33.8,40.8,36.8,38.8,60,2.7,1000,15,0,Clear
Jhansi,2026-03-17,34.3,41.3,37.3,39.3,58,6.1,1011,29,0,Clear
Jhansi,2026-03-18,37.3,44.3,40.3,42.3,56,5.7,1003,56,0,Haze
Jhansi,2026-03-19,32,39,35,37,58,4.2,1003,39,0,Mist
Jhansi,2026-03-20,36.8,43.8,39.8,41.8,65,3.9,1013,31,3.3,Rain
Jhansi,2026-03-21,35.5,42.5,38.5,40.5,66,7.1,1012,33,0,Clouds
Ayodhya,2026-03-17,29.9,36.9,32.9,34.9,76,6.1,1015,30,0,Haze
Ayodhya,2026-03-18,29.2,36.2,32.2,34.2,72,5.4,1003,61,0,Haze
Ayodhya,2026-03-19,33.5,40.5,36.5,38.5,53,7.8,1012,62,0,Clear
Ayodhya,2026-03-20,29.3,36.3,32.3,34.3,55,3,1000,24,11.7,Rain
Ayodhya,2026-03-21,31.1,38.1,34.1,36.1,61,3.8,1003,35,0,Clouds
Mathura,2026-03-17,32.3,39.3,35.3,37.3,54,5.6,1013,2,0,Mist
Mathura,2026-03-18,31.6,38.6,34.6,36.6,63,3.5,1010,34,0,Clear
Mathura,2026-03-19,33.7,40.7,36.7,38.7,55,6.2,1006,10,0,Clouds
Mathura,2026-03-20,35.5,42.5,38.5,40.5,61,7,1002,36,0,Haze
Mathura,2026-03-21,36.1,43.1,39.1,41.1,52,5.4,1006,28,0,Mist
Saharanpur,2026-03-17,28.9,35.9,31.9,33.9,82,6.6,1015,6,10.9,Rain
Saharanpur,2026-03-18,31.3,38.3,34.3,36.3,79,7.6,1010,44,1.7,Rain
Saharanpur,2026-03-19,32.4,39.4,35.4,37.4,71,4.4,1017,12,4,Rain
Saharanpur,2026-03-20,28.5,35.5,31.5,33.5,57,7,1004,7,0,Clear
Saharanpur,2026-03-21,30.2,37.2,33.2,35.2,63,2.6,1004,5,0,Clouds
Muzaffarnagar,2026-03-17,28.1,35.1,31.1,33.1,80,6,1007,35,0,Haze
Muzaffarnagar,2026-03-18,29.5,36.5,32.5,34.5,59,4.9,1001,36,0,Clear
Muzaffarnagar,2026-03-19,27.6,34.6,30.6,32.6,60,5.6,1005,9,0,Clear
Muzaffarnagar,2026-03-20,32.1,39.1,35.1,37.1,58,2.9,1003,44,0,Mist
Muzaffarnagar,2026-03-21,29.6,36.6,32.6,34.6,83,2.9,1005,41,1.6,Rain
Etawah,2026-03-17,30.2,37.2,33.2,35.2,66,3.2,1002,27,1.5,Rain
Etawah,2026-03-18,34.7,41.7,37.7,39.7,71,4,1015,3,0,Clear
Etawah,2026-03-19,35.6,42.6,38.6,40.6,61,2.9,1013,0,1.2,Rain
Etawah,2026-03-20,34.6,41.6,37.6,39.6,78,7.8,1003,44,0,Haze
Etawah,2026-03-21,31,38,34,36,82,6.1,1007,20,0,Clear
Firozabad,2026-03-17,33.3,40.3,36.3,38.3,58,7.1,1017,30,0,Mist
Firozabad,2026-03-18,30,37,33,35,83,2.4,1017,19,0,Mist
Firozabad,2026-03-19,30,37,33,35,77,3,1012,50,12.1,Rain
Firozabad,2026-03-20,31,38,34,36,78,4.4,1004,42,11.1,Rain
Firozabad,2026-03-21,32.2,39.2,35.2,37.2,54,6.6,1007,31,0,Mist
Hardoi,2026-03-17,32,39,35,37,72,4,1007,41,0,Mist
Hardoi,2026-03-18,30.4,37.4,33.4,35.4,50,2.7,1011,8,0,Clouds
Hardoi,2026-03-19,32.5,39.5,35.5,37.5,75,5.9,1010,65,0,Haze
Hardoi,2026-03-20,32.4,39.4,35.4,37.4,78,7.1,1012,69,0,Haze
Hardoi,2026-03-21,28.1,35.1,31.1,33.1,81,5.5,1014,33,0,Clouds
Rampur,2026-03-17,30.4,37.4,33.4,35.4,67,3.2,1011,45,0,Clear
Rampur,2026-03-18,30.5,37.5,33.5,35.5,64,7.8,1009,65,0,Haze
Rampur,2026-03-19,28.6,35.6,31.6,33.6,70,5.8,1012,67,10.1,Rain
Rampur,2026-03-20,31.8,38.8,34.8,36.8,53,4.3,1012,35,0,Haze
Rampur,2026-03-21,33.9,40.9,36.9,38.9,80,2.8,1009,11,0,Clear
Rae Bareli,2026-03-17,31.7,38.7,34.7,36.7,56,3.6,1006,33,0,Clouds
Rae Bareli,2026-03-18,33.1,40.1,36.1,38.1,78,6.1,1016,18,0,Mist
Rae Bareli,2026-03-19,32.2,39.2,35.2,37.2,75,5.2,1014,22,0,Clouds
Rae Bareli,2026-03-20,31.7,38.7,34.7,36.7,59,4.7,1010,68,0,Haze
Rae Bareli,2026-03-21,30,37,33,35,74,3,1011,16,0,Clear
Bijnor,2026-03-17,29.7,36.7,32.7,34.7,63,7.6,1017,34,0.6,Rain
Bijnor,2026-03-18,31.1,38.1,34.1,36.1,52,7.3,1017,11,0,Clouds
Bijnor,2026-03-19,28.3,35.3,31.3,33.3,68,3.7,1008,52,0,Clear
Bijnor,2026-03-20,30.2,37.2,33.2,35.2,84,3,1007,5,0,Haze
Bijnor,2026-03-21,31.8,38.8,34.8,36.8,52,2.7,1017,24,0,Clear
Sitapur,2026-03-17,31.5,38.5,34.5,36.5,64,3.4,1008,14,0,Haze
Sitapur,2026-03-18,28.6,35.6,31.6,33.6,75,4.9,1006,41,0,Mist
Sitapur,2026-03-19,33,40,36,38,83,2.3,1005,26,0,Haze
Sitapur,2026-03-20,31,38,34,36,62,2.7,1015,36,0,Clear
Sitapur,2026-03-21,32.2,39.2,35.2,37.2,61,6.8,1004,47,0,Clear
Lucknow,2026-03-22,31.5,38.5,34.5,36.5,81,2.5,1005,0,6.5,Rain
Agra,2026-03-22,30,37,33,35,55,6.5,1006,54,0,Clouds
Varanasi,2026-03-22,31.2,38.2,34.2,36.2,63,2.2,1000,19,0,Haze
Noida,2026-03-22,31.5,38.5,34.5,36.5,68,4,1008,48,2.5,Rain
Kanpur,2026-03-22,28.7,35.7,31.7,33.7,52,7.6,1009,35,0,Clouds
Meerut,2026-03-22,28.3,35.3,31.3,33.3,77,7.5,1017,27,0,Clear
Bareilly,2026-03-22,30.3,37.3,33.3,35.3,81,5.5,1010,65,0,Haze
Aligarh,2026-03-22,30,37,33,35,63,5.8,1012,21,0,Mist
Moradabad,2026-03-22,30.8,37.8,33.8,35.8,84,6.5,1017,0,0,Clear
Gorakhpur,2026-03-22,32.5,39.5,35.5,37.5,62,3,1013,67,0,Clear
Jhansi,2026-03-22,32.6,39.6,35.6,37.6,66,6.8,1016,32,10,Rain
Ayodhya,2026-03-22,32.5,39.5,35.5,37.5,76,6.5,1014,32,5.2,Rain
Saharanpur,2026-03-22,28.7,35.7,31.7,33.7,82,6.8,1010,13,0,Mist
Firozabad,2026-03-22,34.7,41.7,37.7,39.7,51,6.7,1002,17,1.3,Rain
Ghaziabad,2026-03-22,32.5,39.5,35.5,37.5,69,3.4,1009,2,0,Mist
Prayagraj,2026-03-22,31.1,38.1,34.1,36.1,53,6.5,1000,37,0,Clouds
Muzaffarnagar,2026-03-22,30.8,37.8,33.8,35.8,76,2.5,1016,9,0,Haze
Mathura,2026-03-22,33.3,40.3,36.3,38.3,79,4.4,1004,26,12.4,Rain
Bijnor,2026-03-22,30,37,33,35,50,4.9,1006,5,0,Mist
Rampur,2026-03-22,33.1,40.1,36.1,38.1,54,7.9,1004,48,0,Haze
Etawah,2026-03-22,35.7,42.7,38.7,40.7,53,5.9,1005,46,0,Clear
Rae Bareli,2026-03-22,29.4,36.4,32.4,34.4,78,2.6,1015,38,0,Haze
Sitapur,2026-03-22,33,40,36,38,84,2.4,1013,39,0,Mist
Hardoi,2026-03-22,31,38,34,36,72,6.5,1002,44,5.8,Rain
Lucknow,2026-03-23,29.6,36.6,32.6,34.6,66,5.1,1015,53,0,Clear
Varanasi,2026-03-23,30.1,37.1,33.1,35.1,84,4.7,1002,43,0,Haze
Prayagraj,2026-03-23,31.8,38.8,34.8,36.8,70,7.2,1007,8,5.1,Rain
Agra,2026-03-23,35.4,42.4,38.4,40.4,70,4.3,1010,46,12.7,Rain
Ghaziabad,2026-03-23,29.9,36.9,32.9,34.9,56,4.1,1001,0,0,Haze
Noida,2026-03-23,32,39,35,37,52,3.1,1011,46,0,Mist
Meerut,2026-03-23,27,34,30,32,63,6.1,1017,61,0,Clouds
Bareilly,2026-03-23,28.4,35.4,31.4,33.4,84,4.4,1004,33,0,Mist
Aligarh,2026-03-23,31,38,34,36,80,4,1016,19,0,Clear
Moradabad,2026-03-23,32.1,39.1,35.1,37.1,74,5.3,1004,62,0,Mist
Gorakhpur,2026-03-23,29.4,36.4,32.4,34.4,64,2.2,1001,28,0,Haze
Jhansi,2026-03-23,37.4,44.4,40.4,42.4,64,2.3,1012,45,0,Haze
Ayodhya,2026-03-23,29.6,36.6,32.6,34.6,84,6.8,1009,68,0,Haze
Mathura,2026-03-23,31,38,34,36,83,2.8,1009,42,0,Clear
Saharanpur,2026-03-23,28.7,35.7,31.7,33.7,52,2.9,1015,41,0,Clear
Firozabad,2026-03-23,33.3,40.3,36.3,38.3,74,2.8,1016,69,0,Haze
Bijnor,2026-03-23,30.1,37.1,33.1,35.1,84,5.5,1017,0,12,Rain
Muzaffarnagar,2026-03-23,29.4,36.4,32.4,34.4,82,7.3,1011,30,0,Mist
Hardoi,2026-03-23,31.9,38.9,34.9,36.9,80,4.8,1017,6,0,Clouds
Sitapur,2026-03-23,30.2,37.2,33.2,35.2,65,2.4,1012,22,6.1,Rain
Kanpur,2026-03-23,28.1,35.1,31.1,33.1,54,3.2,1007,22,7.7,Rain
Rae Bareli,2026-03-23,31.2,38.2,34.2,36.2,83,7.4,1009,0,0,Haze
Etawah,2026-03-23,35.3,42.3,38.3,40.3,67,2,1012,5,0,Clear
Rampur,2026-03-23,33.4,40.4,36.4,38.4,84,4.3,1004,8,0,Clear
Prayagraj,2026-03-24,30.2,37.2,33.2,35.2,62,3.9,1010,18,0,Mist
Kanpur,2026-03-24,33.6,40.6,36.6,38.6,72,2.9,1008,65,0,Mist
Varanasi,2026-03-24,28.6,35.6,31.6,33.6,71,5.4,1015,68,0,Clouds
Lucknow,2026-03-24,30.9,37.9,33.9,35.9,50,2.9,1016,3,6.7,Rain
Noida,2026-03-24,32.9,39.9,35.9,37.9,68,3.3,1014,30,0,Mist
Agra,2026-03-24,33,40,36,38,60,5.2,1008,20,1.9,Rain
Ghaziabad,2026-03-24,29.8,36.8,32.8,34.8,69,3.2,1013,31,0,Haze
Meerut,2026-03-24,30.1,37.1,33.1,35.1,77,3.8,1006,27,3.8,Rain
Bareilly,2026-03-24,30.3,37.3,33.3,35.3,68,4.2,1012,45,0,Clouds
Aligarh,2026-03-24,34.7,41.7,37.7,39.7,50,2.9,1015,30,0,Clear
Moradabad,2026-03-24,32.7,39.7,35.7,37.7,55,5.5,1015,54,0,Haze
Gorakhpur,2026-03-24,33.8,40.8,36.8,38.8,51,2.2,1011,27,0,Mist
Jhansi,2026-03-24,35,42,38,40,52,6.5,1015,66,0,Clear
Ayodhya,2026-03-24,29.9,36.9,32.9,34.9,51,6.3,1016,54,0,Mist
Mathura,2026-03-24,34.6,41.6,37.6,39.6,70,7.6,1004,40,0,Haze
Saharanpur,2026-03-24,32,39,35,37,80,6.8,1000,2,0,Haze
Muzaffarnagar,2026-03-24,27.7,34.7,30.7,32.7,78,7.5,1000,36,12.4,Rain
Firozabad,2026-03-24,34.9,41.9,37.9,39.9,74,7,1003,28,0,Haze
Rampur,2026-03-24,30.6,37.6,33.6,35.6,62,7.8,1016,47,0,Haze
Bijnor,2026-03-24,32.1,39.1,35.1,37.1,58,6.1,1015,23,0,Haze
Rae Bareli,2026-03-24,28.1,35.1,31.1,33.1,52,4.5,1000,0,0,Haze
Etawah,2026-03-24,35.7,42.7,38.7,40.7,65,3.1,1008,46,0,Clouds
Sitapur,2026-03-24,29.1,36.1,32.1,34.1,62,6.2,1010,32,0,Mist
Hardoi,2026-03-24,29.5,36.5,32.5,34.5,67,5.1,1004,11,0,Clouds
Lucknow,2026-03-25,30.8,37.8,33.8,35.8,81,6.8,1017,31,0,Haze
Prayagraj,2026-03-25,30.5,37.5,33.5,35.5,70,4.8,1000,56,0,Clouds
Kanpur,2026-03-25,30.3,37.3,33.3,35.3,55,7.7,1003,65,0,Clouds
Ghaziabad,2026-03-25,33.5,40.5,36.5,38.5,68,6.5,1007,11,0,Mist
Meerut,2026-03-25,32.8,39.8,35.8,37.8,56,7.9,1008,62,0,Clear
Varanasi,2026-03-25,28.8,35.8,31.8,33.8,54,4.4,1009,24,0,Clouds
Noida,2026-03-25,33,40,36,38,55,2.8,1016,60,0,Clouds
Bareilly,2026-03-25,31.2,38.2,34.2,36.2,60,6,1004,62,0,Clouds
Moradabad,2026-03-25,32.6,39.6,35.6,37.6,52,3.1,1000,61,10.9,Rain
Agra,2026-03-25,32.4,39.4,35.4,37.4,50,5.4,1002,52,5.1,Rain
Aligarh,2026-03-25,30.3,37.3,33.3,35.3,71,5.3,1013,26,0,Haze
Ayodhya,2026-03-25,28.9,35.9,31.9,33.9,73,4.9,1010,39,0,Clouds
Mathura,2026-03-25,35.2,42.2,38.2,40.2,70,7.1,1001,12,0,Haze
Gorakhpur,2026-03-25,33.8,40.8,36.8,38.8,68,6.2,1008,7,0,Haze
Jhansi,2026-03-25,35.6,42.6,38.6,40.6,84,6.5,1017,18,0,Mist
Saharanpur,2026-03-25,30,37,33,35,68,6.2,1011,59,0,Clouds
Rampur,2026-03-25,28.6,35.6,31.6,33.6,65,2.9,1017,17,2.9,Rain
Rae Bareli,2026-03-25,30.2,37.2,33.2,35.2,69,2.7,1012,20,0,Haze
Bijnor,2026-03-25,30.2,37.2,33.2,35.2,83,5.1,1014,62,0,Mist
Firozabad,2026-03-25,35.9,42.9,38.9,40.9,82,3.5,1000,32,0,Clear
Etawah,2026-03-25,31.8,38.8,34.8,36.8,78,4.3,1007,13,0,Clouds
Sitapur,2026-03-25,30.4,37.4,33.4,35.4,62,7.7,1000,30,0,Clear
Muzaffarnagar,2026-03-25,32,39,35,37,50,5.2,1003,66,2.1,Rain
Hardoi,2026-03-25,28.2,35.2,31.2,33.2,54,4.6,1007,26,0,Mist
Lucknow,2026-03-30,30.1,37.1,33.1,35.1,67,6,1009,48,0,Mist
Lucknow,2026-03-31,29.3,36.3,32.3,34.3,75,7.1,1016,10,0,Haze
Lucknow,2026-04-01,27.9,34.9,30.9,32.9,56,4.2,1001,4,0,Clear
Lucknow,2026-04-02,30.4,37.4,33.4,35.4,63,5,1006,43,0,Clouds
Lucknow,2026-04-03,30.2,37.2,33.2,35.2,51,2.5,1006,23,0.7,Rain
Agra,2026-03-30,35.8,42.8,38.8,40.8,72,2.7,1004,30,0,Clouds
Agra,2026-03-31,34.9,41.9,37.9,39.9,77,3.5,1011,4,0,Mist
Agra,2026-04-01,30.2,37.2,33.2,35.2,83,3.1,1007,15,0,Clear
Agra,2026-04-02,33.5,40.5,36.5,38.5,50,7,1001,32,1.1,Rain
Agra,2026-04-03,33.6,40.6,36.6,38.6,76,2.5,1013,55,0,Haze
Kanpur,2026-03-30,30.2,37.2,33.2,35.2,72,4.9,1005,5,9,Rain
Kanpur,2026-03-31,31.9,38.9,34.9,36.9,61,2.9,1009,33,0,Mist
Kanpur,2026-04-01,33.7,40.7,36.7,38.7,74,6.5,1008,9,0,Mist
Kanpur,2026-04-02,31.6,38.6,34.6,36.6,74,7.6,1008,31,0,Mist
Kanpur,2026-04-03,33.9,40.9,36.9,38.9,56,5.1,1006,26,0,Clear
Noida,2026-03-30,28.6,35.6,31.6,33.6,76,7,1011,16,0,Mist
Noida,2026-03-31,33.4,40.4,36.4,38.4,83,4.8,1017,23,0,Clear
Noida,2026-04-01,31.3,38.3,34.3,36.3,53,7.3,1008,64,0,Mist
Noida,2026-04-02,32.2,39.2,35.2,37.2,83,2.5,1008,63,0,Mist
Noida,2026-04-03,28.8,35.8,31.8,33.8,66,4,1012,22,1,Rain
Prayagraj,2026-03-30,34.4,41.4,37.4,39.4,66,4.9,1016,52,0,Mist
Prayagraj,2026-03-31,30,37,33,35,76,5.1,1001,14,0,Clouds
Prayagraj,2026-04-01,34,41,37,39,80,3.4,1003,68,0,Mist
Prayagraj,2026-04-02,29.9,36.9,32.9,34.9,55,4.3,1006,60,4.1,Rain
Prayagraj,2026-04-03,31.1,38.1,34.1,36.1,70,7.2,1013,33,0,Clear
Bareilly,2026-03-30,29.9,36.9,32.9,34.9,74,6.4,1010,51,0,Clear
Bareilly,2026-03-31,32.2,39.2,35.2,37.2,67,2.2,1010,33,0,Haze
Bareilly,2026-04-01,31.6,38.6,34.6,36.6,62,5.3,1001,57,0,Haze
Bareilly,2026-04-02,30.5,37.5,33.5,35.5,71,5.3,1017,16,0,Haze
Bareilly,2026-04-03,30.6,37.6,33.6,35.6,83,6.9,1009,5,0,Clear
Meerut,2026-03-30,27.6,34.6,30.6,32.6,68,7.9,1005,20,0,Clouds
Meerut,2026-03-31,30,37,33,35,55,2.1,1015,22,0,Clouds
Meerut,2026-04-01,31.6,38.6,34.6,36.6,56,5.3,1017,12,5.4,Rain
Meerut,2026-04-02,31.3,38.3,34.3,36.3,72,2.2,1009,15,0,Mist
Meerut,2026-04-03,29.2,36.2,32.2,34.2,60,3.5,1004,20,0,Clouds
Aligarh,2026-03-30,30.3,37.3,33.3,35.3,69,5.7,1012,57,10.2,Rain
Aligarh,2026-03-31,31,38,34,36,70,3.4,1000,49,0,Mist
Aligarh,2026-04-01,31.5,38.5,34.5,36.5,68,3.5,1003,19,0,Clouds
Aligarh,2026-04-02,29.4,36.4,32.4,34.4,53,7.4,1008,29,0,Clouds
Aligarh,2026-04-03,29.9,36.9,32.9,34.9,82,3.3,1004,14,0,Mist
Jhansi,2026-03-30,32.5,39.5,35.5,37.5,62,7.2,1011,1,0,Clear
Jhansi,2026-03-31,35.7,42.7,38.7,40.7,82,6.3,1009,36,0,Clear
Jhansi,2026-04-01,33.4,40.4,36.4,38.4,83,4.9,1009,2,0,Mist
Jhansi,2026-04-02,34.7,41.7,37.7,39.7,56,4.1,1002,65,0,Clouds
Jhansi,2026-04-03,34.1,41.1,37.1,39.1,79,3.8,1011,34,0,Clear
Ayodhya,2026-03-30,29.7,36.7,32.7,34.7,67,4,1014,50,5.1,Rain
Ayodhya,2026-03-31,29,36,32,34,74,5.4,1007,18,0,Clouds
Ayodhya,2026-04-01,30.5,37.5,33.5,35.5,64,3.4,1002,1,0,Haze
Ayodhya,2026-04-02,30,37,33,35,50,7.3,1015,67,0,Clouds
Ayodhya,2026-04-03,31.5,38.5,34.5,36.5,76,2.7,1001,26,0,Haze
Varanasi,2026-03-30,30.4,37.4,33.4,35.4,67,5.6,1010,22,0,Clear
Varanasi,2026-03-31,32.9,39.9,35.9,37.9,60,4.1,1010,52,0,Clouds
Varanasi,2026-04-01,31.4,38.4,34.4,36.4,54,2.9,1001,14,8.2,Rain
Varanasi,2026-04-02,28.3,35.3,31.3,33.3,82,3.3,1009,37,0,Clouds
Varanasi,2026-04-03,30.2,37.2,33.2,35.2,83,4.6,1005,13,0,Mist
Gorakhpur,2026-03-30,32,39,35,37,63,3.4,1008,45,0,Mist
Gorakhpur,2026-03-31,32.7,39.7,35.7,37.7,82,7.2,1009,17,0,Haze
Gorakhpur,2026-04-01,30.9,37.9,33.9,35.9,65,2.8,1011,46,0,Haze
Gorakhpur,2026-04-02,30,37,33,35,69,4,1004,29,0,Clouds
Gorakhpur,2026-04-03,32.5,39.5,35.5,37.5,80,3.9,1009,15,0,Mist
Mathura,2026-03-30,32,39,35,37,68,3.9,1013,32,0,Mist
Mathura,2026-03-31,36.2,43.2,39.2,41.2,78,3.6,1014,29,11.6,Rain
Mathura,2026-04-01,31.7,38.7,34.7,36.7,50,4.4,1009,25,6.8,Rain
Mathura,2026-04-02,31.2,38.2,34.2,36.2,59,6.3,1016,64,0,Haze
Mathura,2026-04-03,34.6,41.6,37.6,39.6,84,7.3,1010,43,0,Mist
Muzaffarnagar,2026-03-30,29.8,36.8,32.8,34.8,69,6.9,1007,22,0,Clouds
Muzaffarnagar,2026-03-31,30.1,37.1,33.1,35.1,63,7.3,1002,4,0,Clear
Muzaffarnagar,2026-04-01,32.6,39.6,35.6,37.6,69,7.4,1006,32,3,Rain
Muzaffarnagar,2026-04-02,31.2,38.2,34.2,36.2,65,3.9,1000,15,0,Clouds
Muzaffarnagar,2026-04-03,32.1,39.1,35.1,37.1,71,5.4,1000,65,0,Clear
Ghaziabad,2026-03-30,31.7,38.7,34.7,36.7,81,3.3,1001,64,0,Clear
Ghaziabad,2026-03-31,35,42,38,40,52,4.5,1005,0,3.3,Rain
Ghaziabad,2026-04-01,33,40,36,38,70,7.1,1017,4,0,Clear
Ghaziabad,2026-04-02,34.9,41.9,37.9,39.9,82,6.4,1006,53,0,Clear
Ghaziabad,2026-04-03,29.3,36.3,32.3,34.3,70,6.7,1014,14,0,Haze
Saharanpur,2026-03-30,30.7,37.7,33.7,35.7,68,4.9,1006,13,0,Mist
Saharanpur,2026-03-31,30.3,37.3,33.3,35.3,76,6.7,1007,11,0,Clouds
Saharanpur,2026-04-01,29.6,36.6,32.6,34.6,72,5,1015,7,0,Clear
Saharanpur,2026-04-02,30.3,37.3,33.3,35.3,57,4.1,1009,30,5.8,Rain
Saharanpur,2026-04-03,31.3,38.3,34.3,36.3,53,4.3,1007,24,7.2,Rain
Bijnor,2026-03-30,30.1,37.1,33.1,35.1,78,6.8,1000,21,0,Clouds
Bijnor,2026-03-31,30.6,37.6,33.6,35.6,75,2.3,1003,69,0,Clouds
Bijnor,2026-04-01,31.7,38.7,34.7,36.7,75,4.1,1008,62,0,Clouds
Bijnor,2026-04-02,30.3,37.3,33.3,35.3,53,2.3,1004,48,1.9,Rain
Bijnor,2026-04-03,27.1,34.1,30.1,32.1,82,7.6,1007,40,0,Mist
Rampur,2026-03-30,34,41,37,39,65,6.7,1004,31,0,Haze
Rampur,2026-03-31,30.4,37.4,33.4,35.4,72,3.8,1004,50,0,Clouds
Rampur,2026-04-01,28.8,35.8,31.8,33.8,54,2.6,1000,35,0,Haze
Rampur,2026-04-02,29.1,36.1,32.1,34.1,70,6.3,1014,40,4.9,Rain
Rampur,2026-04-03,31.4,38.4,34.4,36.4,67,3.4,1015,31,0,Clear
Firozabad,2026-03-30,34.7,41.7,37.7,39.7,53,7.3,1012,67,0,Clouds
Firozabad,2026-03-31,30.1,37.1,33.1,35.1,79,4,1009,29,6.4,Rain
Firozabad,2026-04-01,32.2,39.2,35.2,37.2,81,2.3,1008,44,0,Mist
Firozabad,2026-04-02,35.7,42.7,38.7,40.7,83,4.9,1004,41,0,Clear
Firozabad,2026-04-03,31.6,38.6,34.6,36.6,55,3,1003,58,0,Clouds
Moradabad,2026-03-30,29.5,36.5,32.5,34.5,53,6.4,1003,42,0,Clouds
Moradabad,2026-03-31,29,36,32,34,69,2.5,1014,64,0,Clouds
Moradabad,2026-04-01,32.4,39.4,35.4,37.4,78,5.3,1010,23,0,Haze
Moradabad,2026-04-02,27.1,34.1,30.1,32.1,51,2.4,1001,5,0,Clear
Moradabad,2026-04-03,27.8,34.8,30.8,32.8,68,5.7,1011,10,0,Mist
Etawah,2026-03-30,33.8,40.8,36.8,38.8,62,3.3,1003,31,8.9,Rain
Etawah,2026-03-31,35.6,42.6,38.6,40.6,83,2.8,1014,14,11.7,Rain
Etawah,2026-04-01,34.7,41.7,37.7,39.7,51,5.1,1004,18,0,Clear
Etawah,2026-04-02,30.9,37.9,33.9,35.9,64,7.6,1014,5,4.1,Rain
Etawah,2026-04-03,34.9,41.9,37.9,39.9,53,3,1013,25,0,Mist
Sitapur,2026-03-30,33.9,40.9,36.9,38.9,66,5.3,1011,15,0,Clear
Sitapur,2026-03-31,29.1,36.1,32.1,34.1,74,5.6,1016,5,9.5,Rain
Sitapur,2026-04-01,29.6,36.6,32.6,34.6,77,3,1013,7,0,Clear
Sitapur,2026-04-02,31.8,38.8,34.8,36.8,59,2.1,1007,56,0,Mist
Sitapur,2026-04-03,32,39,35,37,66,7.9,1008,17,0,Clouds
Hardoi,2026-03-30,29.9,36.9,32.9,34.9,80,3.1,1003,33,0,Clouds
Hardoi,2026-03-31,31,38,34,36,78,3.9,1017,9,0,Clear
Hardoi,2026-04-01,29.8,36.8,32.8,34.8,80,7.5,1007,9,0,Clouds
Hardoi,2026-04-02,29.5,36.5,32.5,34.5,51,7.9,1004,22,9.5,Rain
Hardoi,2026-04-03,28.4,35.4,31.4,33.4,69,5.1,1008,57,0,Clouds
Rae Bareli,2026-03-30,31.7,38.7,34.7,36.7,80,3.7,1008,64,0,Haze
Rae Bareli,2026-03-31,30.8,37.8,33.8,35.8,55,4.5,1010,25,0,Clouds
Rae Bareli,2026-04-01,29.7,36.7,32.7,34.7,58,3.4,1002,14,0,Haze
Rae Bareli,2026-04-02,28.6,35.6,31.6,33.6,81,6.8,1010,53,0,Mist
Rae Bareli,2026-04-03,28.2,35.2,31.2,33.2,53,6.9,1013,14,0,Clouds
Lucknow,2026-04-04,28.3,35.3,31.3,33.3,67,3,1017,65,0,Haze
Lucknow,2026-04-05,29.1,36.1,32.1,34.1,52,6.1,1012,15,0,Mist
Meerut,2026-04-04,32.9,39.9,35.9,37.9,77,6.9,1008,63,12.3,Rain
Meerut,2026-04-05,28.3,35.3,31.3,33.3,64,5,1012,40,0,Clouds
Kanpur,2026-04-04,29.2,36.2,32.2,34.2,54,7.6,1017,18,0,Mist
Kanpur,2026-04-05,32,39,35,37,52,8,1005,52,0,Clouds
Agra,2026-04-04,32.2,39.2,35.2,37.2,84,2.9,1013,12,0,Haze
Agra,2026-04-05,32,39,35,37,66,4.4,1001,2,0,Clouds
Prayagraj,2026-04-04,34.7,41.7,37.7,39.7,62,4.3,1006,46,0,Haze
Prayagraj,2026-04-05,31.2,38.2,34.2,36.2,84,7.4,1001,53,0.5,Rain
Ghaziabad,2026-04-04,33.1,40.1,36.1,38.1,66,4.9,1003,29,0,Mist
Ghaziabad,2026-04-05,33,40,36,38,66,3.7,1006,63,0,Clouds
Noida,2026-04-04,34,41,37,39,77,6.2,1009,8,0,Haze
Noida,2026-04-05,34,41,37,39,80,5.6,1008,53,0,Mist
Varanasi,2026-04-04,28.8,35.8,31.8,33.8,77,4.9,1000,12,1.6,Rain
Varanasi,2026-04-05,28.1,35.1,31.1,33.1,55,4.9,1000,1,0,Haze
Bareilly,2026-04-04,31.3,38.3,34.3,36.3,82,5.9,1014,13,2.8,Rain
Bareilly,2026-04-05,28.2,35.2,31.2,33.2,73,5.3,1012,39,0,Clouds
Jhansi,2026-04-04,36.6,43.6,39.6,41.6,74,4.7,1014,2,0,Mist
Jhansi,2026-04-05,32.4,39.4,35.4,37.4,65,5.2,1008,12,0,Mist
Moradabad,2026-04-04,29,36,32,34,54,4.9,1017,50,11.9,Rain
Moradabad,2026-04-05,30.7,37.7,33.7,35.7,78,2.6,1006,45,0,Clouds
Aligarh,2026-04-04,31.7,38.7,34.7,36.7,71,6.3,1003,24,0,Haze
Aligarh,2026-04-05,34.9,41.9,37.9,39.9,74,5.1,1014,58,0,Mist
Gorakhpur,2026-04-04,34,41,37,39,57,5.8,1010,31,0,Mist
Gorakhpur,2026-04-05,33.8,40.8,36.8,38.8,83,5.7,1010,60,0,Haze
Ayodhya,2026-04-04,30.4,37.4,33.4,35.4,52,4.4,1013,61,0,Mist
Ayodhya,2026-04-05,30.7,37.7,33.7,35.7,78,6.8,1003,7,2.3,Rain
Firozabad,2026-04-04,31.8,38.8,34.8,36.8,57,5.7,1002,15,0,Haze
Firozabad,2026-04-05,35.4,42.4,38.4,40.4,77,7.6,1017,22,0,Clear
Mathura,2026-04-04,32.5,39.5,35.5,37.5,64,2.8,1008,29,0,Clear
Mathura,2026-04-05,33.3,40.3,36.3,38.3,59,7.1,1007,35,0,Mist
Saharanpur,2026-04-04,30.2,37.2,33.2,35.2,79,3.4,1006,18,0,Mist
Saharanpur,2026-04-05,32.8,39.8,35.8,37.8,76,7.4,1015,34,0,Haze
Muzaffarnagar,2026-04-04,28.2,35.2,31.2,33.2,68,4,1005,61,0,Clear
Muzaffarnagar,2026-04-05,30.7,37.7,33.7,35.7,60,6.2,1003,4,0,Haze
Rampur,2026-04-04,33.4,40.4,36.4,38.4,84,2.8,1005,38,0,Clouds
Rampur,2026-04-05,28.7,35.7,31.7,33.7,84,5.4,1012,48,4.2,Rain
Sitapur,2026-04-04,33.9,40.9,36.9,38.9,57,4.9,1016,52,0,Clear
Sitapur,2026-04-05,28,35,31,33,64,2,1017,29,0,Haze
Rae Bareli,2026-04-04,28.1,35.1,31.1,33.1,52,3.9,1005,40,0,Haze
Rae Bareli,2026-04-05,33.2,40.2,36.2,38.2,75,2.6,1011,66,0,Haze
Etawah,2026-04-04,32.8,39.8,35.8,37.8,56,6.3,1012,3,0,Clear
Etawah,2026-04-05,34.2,41.2,37.2,39.2,57,6.4,1002,68,0,Mist
Hardoi,2026-04-04,30.9,37.9,33.9,35.9,54,3.4,1003,14,0,Mist
Hardoi,2026-04-05,33.9,40.9,36.9,38.9,50,5.8,1000,65,0,Rain
Bijnor,2026-04-04,31.6,38.6,34.6,36.6,65,4.5,1011,57,0,Clear
Bijnor,2026-04-05,32.4,39.4,35.4,37.4,81,6.4,1006,30,0,Mist
Lucknow,2026-04-06,27.6,34.6,30.6,32.6,58,6.5,1009,40,0,Mist
Lucknow,2026-04-07,30.1,37.1,33.1,35.1,66,7.2,1001,28,0,Clear
Lucknow,2026-04-08,30.7,37.7,33.7,35.7,57,3.2,1000,46,0,Clear
Lucknow,2026-04-09,31,38,34,36,78,4.3,1005,10,0,Mist
Kanpur,2026-04-06,29,36,32,34,53,4.2,1016,61,12.9,Rain
Kanpur,2026-04-07,32.4,39.4,35.4,37.4,74,6.1,1013,6,0,Clear
Kanpur,2026-04-08,33.9,40.9,36.9,38.9,69,4.5,1012,9,0,Mist
Kanpur,2026-04-09,30.7,37.7,33.7,35.7,79,7,1002,43,0,Mist
Prayagraj,2026-04-06,32.7,39.7,35.7,37.7,78,2.1,1008,56,0,Mist
Prayagraj,2026-04-07,32.1,39.1,35.1,37.1,54,5.9,1015,34,0,Haze
Prayagraj,2026-04-08,31.3,38.3,34.3,36.3,55,7,1011,3,0,Clouds
Prayagraj,2026-04-09,30.7,37.7,33.7,35.7,73,4.3,1007,31,0,Clouds
Varanasi,2026-04-06,31.5,38.5,34.5,36.5,64,2.2,1009,12,0.9,Rain
Varanasi,2026-04-07,32.3,39.3,35.3,37.3,69,7.9,1002,53,0,Clouds
Varanasi,2026-04-08,31.8,38.8,34.8,36.8,81,6.4,1006,68,0,Mist
Varanasi,2026-04-09,30.2,37.2,33.2,35.2,57,6.7,1013,8,4.1,Rain
Agra,2026-04-06,34.3,41.3,37.3,39.3,84,6.3,1007,55,0,Clouds
Agra,2026-04-07,32.7,39.7,35.7,37.7,70,2,1009,65,0,Mist
Agra,2026-04-08,34.2,41.2,37.2,39.2,60,7.2,1000,33,0,Haze
Agra,2026-04-09,34.3,41.3,37.3,39.3,83,5.9,1016,21,0,Clouds
Noida,2026-04-06,30.7,37.7,33.7,35.7,82,5.9,1008,65,10.1,Rain
Noida,2026-04-07,31.7,38.7,34.7,36.7,68,5.9,1000,49,0,Clear
Noida,2026-04-08,29.9,36.9,32.9,34.9,54,6.6,1008,20,0,Clouds
Noida,2026-04-09,32.2,39.2,35.2,37.2,73,2.9,1003,9,0,Haze
Meerut,2026-04-06,29.3,36.3,32.3,34.3,77,7.7,1009,65,0,Clouds
Meerut,2026-04-07,27.3,34.3,30.3,32.3,62,5.8,1004,2,0,Clouds
Meerut,2026-04-08,31.2,38.2,34.2,36.2,77,2.6,1012,61,9,Rain
Meerut,2026-04-09,28.9,35.9,31.9,33.9,53,5.7,1011,34,0,Haze
Aligarh,2026-04-06,33.6,40.6,36.6,38.6,68,4,1016,32,0,Haze
Aligarh,2026-04-07,33,40,36,38,78,5,1017,26,0,Mist
Aligarh,2026-04-08,33.9,40.9,36.9,38.9,59,7.4,1000,55,0,Clouds
Aligarh,2026-04-09,30,37,33,35,55,6.9,1003,23,0,Clouds
Ghaziabad,2026-04-06,30,37,33,35,75,5.9,1010,44,0,Mist
Ghaziabad,2026-04-07,33.4,40.4,36.4,38.4,74,4.5,1008,53,0,Mist
Ghaziabad,2026-04-08,34.1,41.1,37.1,39.1,71,2.6,1004,38,0,Clouds
Ghaziabad,2026-04-09,34.8,41.8,37.8,39.8,55,6.2,1012,51,13.9,Rain
Bareilly,2026-04-06,33.2,40.2,36.2,38.2,71,5.2,1005,20,0,Mist
Bareilly,2026-04-07,28.6,35.6,31.6,33.6,76,2.3,1003,60,0,Clouds
Bareilly,2026-04-08,31.5,38.5,34.5,36.5,66,2.1,1002,17,0,Mist
Bareilly,2026-04-09,32.8,39.8,35.8,37.8,61,6.8,1006,49,0,Haze
Jhansi,2026-04-06,37,44,40,42,69,6.6,1008,5,0,Mist
Jhansi,2026-04-07,35.9,42.9,38.9,40.9,80,4.6,1009,6,14.8,Rain
Jhansi,2026-04-08,37.3,44.3,40.3,42.3,84,6.6,1015,0,9.6,Rain
Jhansi,2026-04-09,33.6,40.6,36.6,38.6,77,7.2,1008,63,0,Haze
Moradabad,2026-04-06,27.8,34.8,30.8,32.8,52,6.7,1004,64,0,Haze
Moradabad,2026-04-07,27.5,34.5,30.5,32.5,53,4.1,1010,23,0,Clear
Moradabad,2026-04-08,30.6,37.6,33.6,35.6,56,7.6,1005,2,0,Clear
Moradabad,2026-04-09,30,37,33,35,77,3.3,1002,51,0,Clear
Gorakhpur,2026-04-06,31.9,38.9,34.9,36.9,83,6.8,1010,57,0,Clouds
Gorakhpur,2026-04-07,33.2,40.2,36.2,38.2,80,2.1,1002,47,0,Clear
Gorakhpur,2026-04-08,30.1,37.1,33.1,35.1,66,7.4,1011,29,0,Mist
Gorakhpur,2026-04-09,30.9,37.9,33.9,35.9,71,4.1,1000,0,14.9,Rain
Ayodhya,2026-04-06,32.6,39.6,35.6,37.6,71,4.7,1003,46,0,Clear
Ayodhya,2026-04-07,28.8,35.8,31.8,33.8,78,3.9,1017,8,0,Mist
Ayodhya,2026-04-08,30.5,37.5,33.5,35.5,50,5.3,1002,65,0,Clear
Ayodhya,2026-04-09,29.2,36.2,32.2,34.2,58,5.7,1006,26,11.5,Rain
Mathura,2026-04-06,31.3,38.3,34.3,36.3,75,4.7,1007,42,0,Clouds
Mathura,2026-04-07,31.9,38.9,34.9,36.9,70,4.1,1015,45,0,Clouds
Mathura,2026-04-08,33.6,40.6,36.6,38.6,68,3.2,1017,56,10.2,Rain
Mathura,2026-04-09,34.9,41.9,37.9,39.9,79,6.3,1002,54,0,Clouds
Muzaffarnagar,2026-04-06,29.1,36.1,32.1,34.1,57,3.6,1000,55,0,Haze
Muzaffarnagar,2026-04-07,30.3,37.3,33.3,35.3,75,4.3,1011,11,0,Clear
Muzaffarnagar,2026-04-08,29.8,36.8,32.8,34.8,61,3.3,1010,44,1.5,Rain
Muzaffarnagar,2026-04-09,27.1,34.1,30.1,32.1,68,2.4,1014,54,0,Clouds
Saharanpur,2026-04-06,31.1,38.1,34.1,36.1,64,3,1009,67,0,Clouds
Saharanpur,2026-04-07,29,36,32,34,65,3.2,1006,39,0,Clouds
Saharanpur,2026-04-08,30.6,37.6,33.6,35.6,58,4.4,1014,11,0,Clear
Saharanpur,2026-04-09,32.4,39.4,35.4,37.4,70,2.3,1015,62,0,Haze
Firozabad,2026-04-06,34.1,41.1,37.1,39.1,68,4.9,1011,35,0,Haze
Firozabad,2026-04-07,30.3,37.3,33.3,35.3,63,7.3,1001,8,0,Haze
Firozabad,2026-04-08,30,37,33,35,59,5.4,1008,10,0,Haze
Firozabad,2026-04-09,32.1,39.1,35.1,37.1,65,3.1,1014,25,0,Clouds
Rampur,2026-04-06,28.3,35.3,31.3,33.3,83,5.8,1015,63,7,Rain
Rampur,2026-04-07,28.2,35.2,31.2,33.2,78,4.3,1015,19,0,Clouds
Rampur,2026-04-08,33.7,40.7,36.7,38.7,54,7.9,1000,32,0,Haze
Rampur,2026-04-09,30.4,37.4,33.4,35.4,50,4.1,1014,22,0,Clear
Bijnor,2026-04-06,27.1,34.1,30.1,32.1,63,7.9,1002,57,0,Clouds
Bijnor,2026-04-07,27,34,30,32,73,5.6,1003,19,0.6,Rain
Bijnor,2026-04-08,30.8,37.8,33.8,35.8,60,4.3,1000,24,0,Clouds
Bijnor,2026-04-09,28.6,35.6,31.6,33.6,69,3.5,1002,15,0,Haze
Rae Bareli,2026-04-06,28.6,35.6,31.6,33.6,70,3.3,1004,12,0,Haze
Rae Bareli,2026-04-07,31.2,38.2,34.2,36.2,74,2.5,1009,50,0,Haze
Rae Bareli,2026-04-08,31.3,38.3,34.3,36.3,50,5.9,1008,36,4.8,Rain
Rae Bareli,2026-04-09,33.7,40.7,36.7,38.7,51,5.3,1010,46,0,Clear
Etawah,2026-04-06,34.9,41.9,37.9,39.9,77,6.5,1005,2,0,Clouds
Etawah,2026-04-07,32.6,39.6,35.6,37.6,69,4.6,1016,40,0,Haze
Etawah,2026-04-08,35.9,42.9,38.9,40.9,54,5,1010,54,0,Mist
Etawah,2026-04-09,32.2,39.2,35.2,37.2,50,3,1005,19,0,Haze
Sitapur,2026-04-06,28.2,35.2,31.2,33.2,52,6.5,1017,25,0,Clear
Sitapur,2026-04-07,29.5,36.5,32.5,34.5,84,7.7,1017,15,0,Clear
Sitapur,2026-04-08,31.4,38.4,34.4,36.4,76,4.7,1013,6,3.3,Rain
Sitapur,2026-04-09,32.5,39.5,35.5,37.5,71,7,1006,11,0,Haze
Hardoi,2026-04-06,29.6,36.6,32.6,34.6,55,2.1,1017,25,0,Clear
Hardoi,2026-04-07,31.5,38.5,34.5,36.5,64,7.9,1006,48,3.6,Rain
Hardoi,2026-04-08,30.3,37.3,33.3,35.3,50,7.8,1017,53,0,Haze
Hardoi,2026-04-09,29,36,32,34,68,2.4,1007,64,8.2,Rain
Shahjahanpur,2026-04-05,28,35,31,33,60,4.1,1009,43,0,Mist
Shahjahanpur,2026-04-06,27.2,34.2,30.2,32.2,70,3.2,1002,8,0,Mist
Shahjahanpur,2026-04-07,32.1,39.1,35.1,37.1,65,2.9,1002,16,0,Haze
Shahjahanpur,2026-04-08,30.6,37.6,33.6,35.6,70,6,1003,5,10,Rain
Shahjahanpur,2026-04-09,31.4,38.4,34.4,36.4,71,2.9,1013,46,0,Haze
Lucknow,2026-07-29,26.5,33.5,29.5,31.5,55,5.2,1002,66,0,Haze
Lucknow,2026-07-30,30.7,37.7,33.7,35.7,64,7,1016,35,0,Clouds
Lucknow,2026-07-31,31.9,38.9,34.9,36.9,63,2.8,1001,51,0,Clear
Lucknow,2026-08-01,30.1,37.1,33.1,35.1,75,5,1017,29,0,Mist
Lucknow,2026-08-02,30.5,37.5,33.5,35.5,52,7.2,1012,5,0,Mist
Kanpur,2026-07-29,29.9,36.9,32.9,34.9,68,4.7,1001,22,0,Haze
Kanpur,2026-07-30,29.6,36.6,32.6,34.6,81,7.1,1004,27,0,Haze
Kanpur,2026-07-31,29.1,36.1,32.1,34.1,70,6.8,1005,14,0,Clouds
Kanpur,2026-08-01,28.9,35.9,31.9,33.9,61,7,1001,51,0,Clear
Kanpur,2026-08-02,28.7,35.7,31.7,33.7,55,3.2,1010,34,0,Mist
Varanasi,2026-07-29,28.4,35.4,31.4,33.4,51,6.7,1015,53,4,Rain
Varanasi,2026-07-30,30.7,37.7,33.7,35.7,51,7,1016,54,0,Clear
Varanasi,2026-07-31,29.9,36.9,32.9,34.9,53,2.9,1015,33,0,Mist
Varanasi,2026-08-01,31.1,38.1,34.1,36.1,69,3.1,1004,52,0,Clear
Varanasi,2026-08-02,28.4,35.4,31.4,33.4,84,5,1004,56,12.7,Rain
Prayagraj,2026-07-29,29.8,36.8,32.8,34.8,65,5.7,1013,43,11.8,Rain
Prayagraj,2026-07-30,34.5,41.5,37.5,39.5,57,3.6,1006,20,6.6,Rain
Prayagraj,2026-07-31,30.9,37.9,33.9,35.9,75,6.6,1002,12,0.9,Rain
Prayagraj,2026-08-01,30,37,33,35,62,2.2,1003,1,13,Rain
Prayagraj,2026-08-02,29.2,36.2,32.2,34.2,68,3.5,1007,14,1.7,Rain
Agra,2026-07-29,32.8,39.8,35.8,37.8,80,7.9,1008,15,0,Haze
Agra,2026-07-30,30.4,37.4,33.4,35.4,71,8,1002,29,0,Clouds
Agra,2026-07-31,35.8,42.8,38.8,40.8,78,6.6,1015,53,14.3,Rain
Agra,2026-08-01,30.3,37.3,33.3,35.3,51,6.4,1016,44,0,Clear
Agra,2026-08-02,30.9,37.9,33.9,35.9,72,2.6,1002,14,0,Haze
Ghaziabad,2026-07-29,30,37,33,35,68,3.4,1000,18,0,Clouds
Ghaziabad,2026-07-30,32.2,39.2,35.2,37.2,52,5.6,1005,5,0,Clouds
Ghaziabad,2026-07-31,33.8,40.8,36.8,38.8,62,5.9,1008,14,0,Mist
Ghaziabad,2026-08-01,31.5,38.5,34.5,36.5,78,6.3,1014,45,4.2,Rain
Ghaziabad,2026-08-02,31.9,38.9,34.9,36.9,74,2.2,1004,9,0,Haze
Noida,2026-07-29,28.8,35.8,31.8,33.8,50,5.1,1000,39,0.3,Rain
Noida,2026-07-30,29.1,36.1,32.1,34.1,69,5.4,1007,33,0,Clouds
Noida,2026-07-31,32.2,39.2,35.2,37.2,65,2.1,1011,22,0,Clouds
Noida,2026-08-01,33.1,40.1,36.1,38.1,67,4.5,1005,7,0,Haze
Noida,2026-08-02,32.3,39.3,35.3,37.3,76,5.1,1011,21,0,Clouds
Meerut,2026-07-29,30,37,33,35,76,7.1,1001,47,0,Haze
Meerut,2026-07-30,32.4,39.4,35.4,37.4,53,6.4,1004,55,0,Clear
Meerut,2026-07-31,29.9,36.9,32.9,34.9,76,2.4,1015,14,0,Clear
Meerut,2026-08-01,29.7,36.7,32.7,34.7,59,7.8,1010,23,0,Clear
Meerut,2026-08-02,30.1,37.1,33.1,35.1,63,7,1009,26,0,Mist
Bareilly,2026-07-29,29,36,32,34,64,4.5,1015,28,0,Mist
Bareilly,2026-07-30,32.8,39.8,35.8,37.8,51,6.7,1016,63,3.2,Rain
Bareilly,2026-07-31,30.3,37.3,33.3,35.3,58,7.6,1001,63,3.9,Rain
Bareilly,2026-08-01,28.7,35.7,31.7,33.7,79,2.1,1017,34,0,Mist
Bareilly,2026-08-02,31.9,38.9,34.9,36.9,68,2.6,1006,53,0,Clouds
Aligarh,2026-07-29,34,41,37,39,81,7.6,1006,8,0,Haze
Aligarh,2026-07-30,31.6,38.6,34.6,36.6,72,6.5,1001,37,0,Clouds
Aligarh,2026-07-31,30.3,37.3,33.3,35.3,81,7.7,1015,1,0,Clear
Aligarh,2026-08-01,30.2,37.2,33.2,35.2,64,5.3,1001,41,0,Clear
Aligarh,2026-08-02,34.2,41.2,37.2,39.2,79,7.4,1000,15,0,Haze
Moradabad,2026-07-29,28.3,35.3,31.3,33.3,76,7.7,1007,38,0,Mist
Moradabad,2026-07-30,32.8,39.8,35.8,37.8,62,4.8,1003,60,0,Haze
Moradabad,2026-07-31,27.8,34.8,30.8,32.8,59,7.2,1003,53,0,Haze
Moradabad,2026-08-01,32.8,39.8,35.8,37.8,79,2.7,1001,44,0,Clouds
Moradabad,2026-08-02,27.3,34.3,30.3,32.3,66,6,1009,39,0,Clouds
Jhansi,2026-07-29,36.2,43.2,39.2,41.2,79,3.5,1016,2,0,Haze
Jhansi,2026-07-30,35.8,42.8,38.8,40.8,84,6.6,1004,54,0,Haze
Jhansi,2026-07-31,34.9,41.9,37.9,39.9,61,4.8,1005,63,14.7,Rain
Jhansi,2026-08-01,32.9,39.9,35.9,37.9,69,6.3,1014,59,0,Mist
Jhansi,2026-08-02,35.1,42.1,38.1,40.1,63,5.2,1003,31,0,Mist
Gorakhpur,2026-07-29,28.3,35.3,31.3,33.3,79,7.8,1011,47,0,Mist
Gorakhpur,2026-07-30,29.4,36.4,32.4,34.4,82,2.9,1008,62,0,Clear
Gorakhpur,2026-07-31,30.5,37.5,33.5,35.5,66,2.4,1002,8,0,Mist
Gorakhpur,2026-08-01,31.4,38.4,34.4,36.4,50,7.8,1012,49,0,Mist
Gorakhpur,2026-08-02,31,38,34,36,70,2.5,1003,21,0,Clouds
Ayodhya,2026-07-29,28.9,35.9,31.9,33.9,73,2.5,1008,69,0,Clear
Ayodhya,2026-07-30,31.6,38.6,34.6,36.6,84,4.7,1016,57,0,Mist
Ayodhya,2026-07-31,28.4,35.4,31.4,33.4,78,3.2,1017,15,0,Mist
Ayodhya,2026-08-01,32.2,39.2,35.2,37.2,76,2.9,1000,39,0,Clouds
Ayodhya,2026-08-02,29.8,36.8,32.8,34.8,52,6.2,1015,15,6.1,Rain
Mathura,2026-07-29,35.6,42.6,38.6,40.6,77,3.8,1005,17,0,Haze
Mathura,2026-07-30,36.3,43.3,39.3,41.3,54,2.9,1016,50,0,Clouds
Mathura,2026-07-31,32,39,35,37,82,2.7,1013,53,0,Clouds
Mathura,2026-08-01,32.7,39.7,35.7,37.7,74,3.9,1004,34,0,Mist
Mathura,2026-08-02,33.2,40.2,36.2,38.2,53,4,1010,16,0,Clouds
Saharanpur,2026-07-29,28,35,31,33,55,3.1,1016,10,0,Mist
Saharanpur,2026-07-30,28.7,35.7,31.7,33.7,54,4.9,1016,38,0,Mist
Saharanpur,2026-07-31,30.4,37.4,33.4,35.4,55,4.6,1004,47,0,Mist
Saharanpur,2026-08-01,32.9,39.9,35.9,37.9,82,4.4,1003,60,0,Haze
Saharanpur,2026-08-02,29.4,36.4,32.4,34.4,78,2.3,1016,17,0,Haze
Muzaffarnagar,2026-07-29,28.2,35.2,31.2,33.2,78,2.1,1013,19,0,Mist
Muzaffarnagar,2026-07-30,31.1,38.1,34.1,36.1,60,6,1006,2,0,Haze
Muzaffarnagar,2026-07-31,28,35,31,33,70,7.4,1005,21,0,Mist
Muzaffarnagar,2026-08-01,30.2,37.2,33.2,35.2,53,4.3,1002,0,0,Mist
Muzaffarnagar,2026-08-02,29.1,36.1,32.1,34.1,69,3.4,1016,44,3.3,Rain
Firozabad,2026-07-29,32.7,39.7,35.7,37.7,73,2.5,1017,32,0,Haze
Firozabad,2026-07-30,34.9,41.9,37.9,39.9,84,3.2,1000,68,0,Clouds
Firozabad,2026-07-31,35.2,42.2,38.2,40.2,53,5.3,1008,7,0,Mist
Firozabad,2026-08-01,30.5,37.5,33.5,35.5,61,2.7,1013,6,0,Clouds
Firozabad,2026-08-02,34.6,41.6,37.6,39.6,75,4.4,1003,15,0,Mist
Rampur,2026-07-29,33.7,40.7,36.7,38.7,57,4,1008,18,0,Clouds
Rampur,2026-07-30,30.8,37.8,33.8,35.8,55,2.1,1008,6,2.7,Rain
Rampur,2026-07-31,28.5,35.5,31.5,33.5,71,4.4,1002,0,0,Clear
Rampur,2026-08-01,33.3,40.3,36.3,38.3,82,5.9,1016,66,0.7,Rain
Rampur,2026-08-02,33.3,40.3,36.3,38.3,84,2.9,1013,27,14.8,Rain
Bijnor,2026-07-29,27.6,34.6,30.6,32.6,68,8,1012,65,0,Clouds
Bijnor,2026-07-30,32.2,39.2,35.2,37.2,65,2.7,1007,42,14.4,Rain
Bijnor,2026-07-31,28.2,35.2,31.2,33.2,51,2.9,1005,27,7,Rain
Bijnor,2026-08-01,31.7,38.7,34.7,36.7,59,2.1,1016,52,0,Clouds
Bijnor,2026-08-02,27.8,34.8,30.8,32.8,74,2.9,1009,9,2.2,Rain
Etawah,2026-07-29,33.3,40.3,36.3,38.3,83,3.3,1012,61,7.5,Rain
Etawah,2026-07-30,32.8,39.8,35.8,37.8,60,5.1,1008,15,0,Mist
Etawah,2026-07-31,31.1,38.1,34.1,36.1,65,6.1,1007,31,0,Haze
Etawah,2026-08-01,33.5,40.5,36.5,38.5,51,6.7,1008,33,0,Mist
Etawah,2026-08-02,35.9,42.9,38.9,40.9,59,7.7,1004,24,0,Clouds
Rae Bareli,2026-07-29,31.3,38.3,34.3,36.3,56,3.2,1013,7,0,Clouds
Rae Bareli,2026-07-30,29.7,36.7,32.7,34.7,62,7.4,1002,20,0,Clear
Rae Bareli,2026-07-31,28.9,35.9,31.9,33.9,59,6.5,1010,47,0,Haze
Rae Bareli,2026-08-01,30.1,37.1,33.1,35.1,75,5.1,1005,62,0,Clear
Rae Bareli,2026-08-02,31.2,38.2,34.2,36.2,70,6.7,1013,16,2.3,Rain
Sitapur,2026-07-29,33.9,40.9,36.9,38.9,83,7.3,1009,0,0,Haze
Sitapur,2026-07-30,30.4,37.4,33.4,35.4,55,7.3,1004,50,0,Clear
Sitapur,2026-07-31,30.1,37.1,33.1,35.1,84,2.5,1008,30,5.7,Rain
Sitapur,2026-08-01,32.6,39.6,35.6,37.6,65,3.6,1013,28,0,Clouds
Sitapur,2026-08-02,29,36,32,34,71,4,1015,63,0,Clear
Hardoi,2026-07-29,29.1,36.1,32.1,34.1,65,2.9,1005,3,0,Clouds
Hardoi,2026-07-30,28.2,35.2,31.2,33.2,66,3.7,1011,28,0,Clear
Hardoi,2026-07-31,31.9,38.9,34.9,36.9,60,6,1007,32,0,Clear
Hardoi,2026-08-01,32.2,39.2,35.2,37.2,79,7.1,1015,35,0,Clouds
Hardoi,2026-08-02,33.2,40.2,36.2,38.2,60,3.5,1003,58,0,Mist
Lucknow,2026-08-03,26.3,33.3,29.3,31.3,70,7.9,1015,55,0,Haze
Lucknow,2026-08-04,29.1,36.1,32.1,34.1,56,6.3,1004,19,0,Mist
Lucknow,2026-08-05,31.7,38.7,34.7,36.7,64,2.7,1014,11,0,Haze
Lucknow,2026-08-06,28,35,31,33,67,7.6,1011,22,0,Clear
Lucknow,2026-08-07,28.3,35.3,31.3,33.3,84,6.2,1016,10,0,Clear
Kanpur,2026-08-03,28.9,35.9,31.9,33.9,79,7.9,1001,68,9.4,Rain
Kanpur,2026-08-04,31.2,38.2,34.2,36.2,82,7.5,1008,16,0,Clouds
Kanpur,2026-08-05,29.9,36.9,32.9,34.9,80,3.3,1011,48,9.6,Rain
Kanpur,2026-08-06,33.3,40.3,36.3,38.3,74,3.9,1009,11,0,Haze
Kanpur,2026-08-07,29.5,36.5,32.5,34.5,81,3.2,1001,6,0,Haze
Varanasi,2026-08-03,30.2,37.2,33.2,35.2,58,6.8,1008,5,0,Mist
Varanasi,2026-08-04,28,35,31,33,75,4.2,1017,0,13.4,Rain
Varanasi,2026-08-05,30.8,37.8,33.8,35.8,52,4.2,1004,15,0,Haze
Varanasi,2026-08-06,28.7,35.7,31.7,33.7,84,7.9,1013,57,0,Mist
Varanasi,2026-08-07,28.2,35.2,31.2,33.2,69,7.1,1015,14,0,Clouds
Prayagraj,2026-08-03,31.6,38.6,34.6,36.6,52,2.8,1006,15,0,Haze
Prayagraj,2026-08-04,30.1,37.1,33.1,35.1,51,7.3,1009,7,0,Mist
Prayagraj,2026-08-05,33.4,40.4,36.4,38.4,81,3.2,1016,8,5.8,Rain
Prayagraj,2026-08-06,29.8,36.8,32.8,34.8,58,5.8,1001,59,0,Haze
Prayagraj,2026-08-07,32.1,39.1,35.1,37.1,68,3.6,1008,58,0,Mist
Agra,2026-08-03,34.3,41.3,37.3,39.3,53,7.3,1001,35,14.5,Rain
Agra,2026-08-04,36,43,39,41,77,4.9,1013,39,2.5,Rain
Agra,2026-08-05,30.4,37.4,33.4,35.4,64,2.1,1013,58,11.1,Rain
Agra,2026-08-06,32,39,35,37,77,2.5,1013,54,0,Haze
Agra,2026-08-07,31.6,38.6,34.6,36.6,77,3.1,1009,9,0,Clear
Ghaziabad,2026-08-03,33.2,40.2,36.2,38.2,53,2.8,1000,19,0,Clear
Ghaziabad,2026-08-04,30.7,37.7,33.7,35.7,52,3.6,1008,11,0,Mist
Ghaziabad,2026-08-05,33.1,40.1,36.1,38.1,59,7.3,1013,38,0,Haze
Ghaziabad,2026-08-06,32.4,39.4,35.4,37.4,54,6.1,1000,63,0,Mist
Ghaziabad,2026-08-07,34.1,41.1,37.1,39.1,68,5.6,1005,32,5.7,Rain
Noida,2026-08-03,29.3,36.3,32.3,34.3,53,3.5,1011,55,0,Haze
Noida,2026-08-04,31.7,38.7,34.7,36.7,53,6.5,1010,55,0,Clouds
Noida,2026-08-05,33.8,40.8,36.8,38.8,55,3.2,1000,7,0,Mist
Noida,2026-08-06,30.9,37.9,33.9,35.9,56,5.3,1010,54,12.9,Rain
Noida,2026-08-07,31.9,38.9,34.9,36.9,69,6.3,1000,35,0,Haze
Meerut,2026-08-03,27.3,34.3,30.3,32.3,64,2.1,1009,13,0,Clear
Meerut,2026-08-04,27.9,34.9,30.9,32.9,64,3.1,1015,48,0,Clouds
Meerut,2026-08-05,31.9,38.9,34.9,36.9,76,2.4,1012,20,0,Mist
Meerut,2026-08-06,32.1,39.1,35.1,37.1,66,4.9,1002,36,0,Clouds
Meerut,2026-08-07,29.2,36.2,32.2,34.2,84,2.8,1014,37,0,Clear
Bareilly,2026-08-03,30.5,37.5,33.5,35.5,72,6.5,1003,65,0,Clouds
Bareilly,2026-08-04,31.6,38.6,34.6,36.6,59,3.5,1012,17,0,Clear
Bareilly,2026-08-05,30.3,37.3,33.3,35.3,59,2.4,1009,41,0,Clouds
Bareilly,2026-08-06,29.8,36.8,32.8,34.8,81,4.6,1008,33,3,Rain
Bareilly,2026-08-07,30.1,37.1,33.1,35.1,53,5.7,1008,47,0,Clouds
Aligarh,2026-08-03,32.5,39.5,35.5,37.5,82,4.8,1006,24,0,Mist
Aligarh,2026-08-04,31.6,38.6,34.6,36.6,72,4.1,1002,35,0,Haze
Aligarh,2026-08-05,31,38,34,36,59,3.4,1005,24,0,Haze
Aligarh,2026-08-06,29.5,36.5,32.5,34.5,60,6.2,1003,1,7.9,Rain
Aligarh,2026-08-07,30.9,37.9,33.9,35.9,83,5.4,1004,29,0,Haze
Moradabad,2026-08-03,28.7,35.7,31.7,33.7,53,2.2,1014,34,0,Haze
Moradabad,2026-08-04,31.3,38.3,34.3,36.3,56,6.4,1011,19,0,Clear
Moradabad,2026-08-05,27.7,34.7,30.7,32.7,54,3.3,1005,22,0,Clouds
Moradabad,2026-08-06,28,35,31,33,82,6.5,1013,43,0,Clear
Moradabad,2026-08-07,27.5,34.5,30.5,32.5,71,4.6,1004,31,0,Haze
Jhansi,2026-08-03,33.5,40.5,36.5,38.5,81,4.1,1000,40,4,Rain
Jhansi,2026-08-04,34.8,41.8,37.8,39.8,81,2.5,1010,39,0,Clear
Jhansi,2026-08-05,36.8,43.8,39.8,41.8,76,5.8,1003,42,0,Haze
Jhansi,2026-08-06,33.5,40.5,36.5,38.5,69,2.1,1012,58,5.5,Rain
Jhansi,2026-08-07,32.8,39.8,35.8,37.8,65,5,1006,33,0,Mist
Gorakhpur,2026-08-03,29.5,36.5,32.5,34.5,56,3,1015,49,0,Mist
Gorakhpur,2026-08-04,31.9,38.9,34.9,36.9,76,4.3,1005,7,8.6,Rain
Gorakhpur,2026-08-05,30.9,37.9,33.9,35.9,81,5.4,1006,54,0,Mist
Gorakhpur,2026-08-06,30.6,37.6,33.6,35.6,65,6.1,1008,20,0,Haze
Gorakhpur,2026-08-07,33.8,40.8,36.8,38.8,57,4.2,1012,4,0,Clear
Ayodhya,2026-08-03,33.3,40.3,36.3,38.3,54,5.3,1013,0,0,Haze
Ayodhya,2026-08-04,28.4,35.4,31.4,33.4,58,7.6,1017,49,0,Clear
Ayodhya,2026-08-05,32.1,39.1,35.1,37.1,65,4.9,1009,57,0,Mist
Ayodhya,2026-08-06,30.2,37.2,33.2,35.2,74,6.7,1006,9,8.8,Rain
Ayodhya,2026-08-07,33.1,40.1,36.1,38.1,77,2.9,1008,1,0,Clear
Mathura,2026-08-03,31.4,38.4,34.4,36.4,58,7.7,1006,10,0,Haze
Mathura,2026-08-04,31.9,38.9,34.9,36.9,82,6.2,1006,25,0,Clouds
Mathura,2026-08-05,34.8,41.8,37.8,39.8,78,2.9,1007,13,0,Clouds
Mathura,2026-08-06,36.4,43.4,39.4,41.4,77,6.3,1012,55,0,Mist
Mathura,2026-08-07,31.4,38.4,34.4,36.4,82,2.1,1014,26,2.6,Rain
Saharanpur,2026-08-03,28.1,35.1,31.1,33.1,80,2.1,1004,36,6.5,Rain
Saharanpur,2026-08-04,27.1,34.1,30.1,32.1,54,6.7,1001,64,9.3,Rain
Saharanpur,2026-08-05,31.6,38.6,34.6,36.6,55,4.6,1008,61,0,Mist
Saharanpur,2026-08-06,29.2,36.2,32.2,34.2,71,7,1014,26,0,Clouds
Saharanpur,2026-08-07,32.2,39.2,35.2,37.2,65,4.8,1006,2,0,Mist
Muzaffarnagar,2026-08-03,29.9,36.9,32.9,34.9,57,7.1,1002,58,0,Clear
Muzaffarnagar,2026-08-04,28,35,31,33,80,6,1007,10,3.7,Rain
Muzaffarnagar,2026-08-05,31.5,38.5,34.5,36.5,75,5.6,1009,0,0,Clouds
Muzaffarnagar,2026-08-06,28.8,35.8,31.8,33.8,61,3,1003,21,0,Mist
Muzaffarnagar,2026-08-07,32.7,39.7,35.7,37.7,80,5.3,1000,4,0,Clouds
Firozabad,2026-08-03,35.7,42.7,38.7,40.7,67,6.7,1009,26,0,Clouds
Firozabad,2026-08-04,31,38,34,36,71,5.5,1008,28,0,Clouds
Firozabad,2026-08-05,33,40,36,38,63,3.7,1007,18,0,Clear
Firozabad,2026-08-06,31.8,38.8,34.8,36.8,84,2.1,1007,44,0,Mist
Firozabad,2026-08-07,33.3,40.3,36.3,38.3,77,3,1008,11,6.7,Rain
Rampur,2026-08-03,29.8,36.8,32.8,34.8,84,5,1006,10,0,Clear
Rampur,2026-08-04,31.7,38.7,34.7,36.7,77,2.4,1011,44,0,Clouds
Rampur,2026-08-05,32.4,39.4,35.4,37.4,69,3.7,1014,25,0,Clouds
Rampur,2026-08-06,29.7,36.7,32.7,34.7,80,4.5,1005,1,4.9,Rain
Rampur,2026-08-07,32.5,39.5,35.5,37.5,67,2.4,1014,26,0,Clouds
Bijnor,2026-08-03,30.8,37.8,33.8,35.8,83,5.7,1004,35,0,Clouds
Bijnor,2026-08-04,27.5,34.5,30.5,32.5,50,5.9,1016,68,2.1,Rain
Bijnor,2026-08-05,32.5,39.5,35.5,37.5,59,7.1,1016,68,0,Mist
Bijnor,2026-08-06,27.5,34.5,30.5,32.5,54,4.7,1000,32,1,Rain
Bijnor,2026-08-07,27,34,30,32,64,4.2,1011,64,0,Mist
Etawah,2026-08-03,32,39,35,37,53,4.7,1012,64,0,Mist
Etawah,2026-08-04,34.2,41.2,37.2,39.2,55,2.5,1006,62,0,Clear
Etawah,2026-08-05,30,37,33,35,51,6.9,1000,61,0,Clouds
Etawah,2026-08-06,30.2,37.2,33.2,35.2,56,5.5,1006,43,0,Haze
Etawah,2026-08-07,31.7,38.7,34.7,36.7,81,7.8,1008,60,13.9,Rain
Rae Bareli,2026-08-03,30.1,37.1,33.1,35.1,81,3.3,1001,18,0,Clouds
Rae Bareli,2026-08-04,32.4,39.4,35.4,37.4,72,3.4,1011,11,0,Clear
Rae Bareli,2026-08-05,29.5,36.5,32.5,34.5,67,5.4,1003,58,0,Mist
Rae Bareli,2026-08-06,33.4,40.4,36.4,38.4,62,3.3,1015,2,0,Clear
Rae Bareli,2026-08-07,28.1,35.1,31.1,33.1,61,5.5,1013,45,0,Haze
Sitapur,2026-08-03,33.5,40.5,36.5,38.5,77,2.8,1006,59,0,Mist
Sitapur,2026-08-04,30.2,37.2,33.2,35.2,59,5.3,1013,44,0,Mist
Sitapur,2026-08-05,29.8,36.8,32.8,34.8,56,6.1,1003,68,0,Mist
Sitapur,2026-08-06,30.6,37.6,33.6,35.6,72,3.3,1017,12,1.1,Rain
Sitapur,2026-08-07,33.9,40.9,36.9,38.9,64,5.3,1005,16,0,Haze
Hardoi,2026-08-03,30,37,33,35,52,7.9,1013,22,5.9,Rain
Hardoi,2026-08-04,33.6,40.6,36.6,38.6,66,5.1,1016,5,0,Clear
Hardoi,2026-08-05,31.3,38.3,34.3,36.3,83,6.6,1003,14,2.3,Rain
Hardoi,2026-08-06,31.5,38.5,34.5,36.5,78,7.8,1017,45,0,Haze
Hardoi,2026-08-07,28.5,35.5,31.5,33.5,67,7,1004,54,0,Clear
Lucknow,2026-08-09,29,36,32,34,56,7.7,1011,32,3.2,Rain
Lucknow,2026-08-10,30.1,37.1,33.1,35.1,70,2.2,1007,23,0,Clear
Lucknow,2026-08-11,26.7,33.7,29.7,31.7,67,8,1009,45,0,Clear
Lucknow,2026-08-12,29.6,36.6,32.6,34.6,52,3.3,1011,60,0,Haze
Lucknow,2026-08-13,27.1,34.1,30.1,32.1,63,7.5,1002,51,0,Haze
Kanpur,2026-08-09,30,37,33,35,66,2.6,1012,57,0,Clouds
Kanpur,2026-08-10,33.8,40.8,36.8,38.8,73,7.9,1011,50,0,Clouds
Kanpur,2026-08-11,31,38,34,36,71,7.3,1008,27,0,Clouds
Kanpur,2026-08-12,33.2,40.2,36.2,38.2,77,6.5,1008,20,0,Clear
Kanpur,2026-08-13,32.3,39.3,35.3,37.3,59,2,1004,20,0,Clouds
Varanasi,2026-08-09,32.1,39.1,35.1,37.1,68,4.2,1004,47,0,Clouds
Varanasi,2026-08-10,32,39,35,37,51,6.1,1017,40,0,Clear
Varanasi,2026-08-11,32.4,39.4,35.4,37.4,83,3.5,1002,10,9.2,Rain
Varanasi,2026-08-12,31.4,38.4,34.4,36.4,64,5,1016,15,0,Clear
Varanasi,2026-08-13,30.2,37.2,33.2,35.2,73,2.1,1017,20,0,Mist
Prayagraj,2026-08-09,31.9,38.9,34.9,36.9,53,2.8,1003,35,0,Mist
Prayagraj,2026-08-10,31.4,38.4,34.4,36.4,68,2.7,1014,10,3.1,Rain
Prayagraj,2026-08-11,31.7,38.7,34.7,36.7,78,6.5,1013,39,0,Clouds
Prayagraj,2026-08-12,34.3,41.3,37.3,39.3,61,7.7,1002,48,10.1,Rain
Prayagraj,2026-08-13,31.9,38.9,34.9,36.9,70,2.5,1008,53,0,Haze
Agra,2026-08-09,32.9,39.9,35.9,37.9,57,4.7,1009,18,0,Clear
Agra,2026-08-10,31.2,38.2,34.2,36.2,61,3.1,1010,33,0,Clouds
Agra,2026-08-11,34.8,41.8,37.8,39.8,81,5.3,1000,26,0,Mist
Agra,2026-08-12,34.9,41.9,37.9,39.9,68,7.6,1011,33,8.3,Rain
Agra,2026-08-13,35.7,42.7,38.7,40.7,73,5.5,1009,67,9.1,Rain
Ghaziabad,2026-08-09,34,41,37,39,61,2.6,1011,48,0,Haze
Ghaziabad,2026-08-10,31.7,38.7,34.7,36.7,58,6,1007,33,0,Clouds
Ghaziabad,2026-08-11,30.4,37.4,33.4,35.4,67,6.2,1004,69,12.6,Rain
Ghaziabad,2026-08-12,33,40,36,38,82,8,1011,69,0,Clouds
Ghaziabad,2026-08-13,30.7,37.7,33.7,35.7,65,6.9,1011,16,0,Clouds
Noida,2026-08-09,31.1,38.1,34.1,36.1,56,3.8,1005,11,0,Clouds
Noida,2026-08-10,31,38,34,36,72,6.2,1003,18,0,Clouds
Noida,2026-08-11,33.4,40.4,36.4,38.4,69,3.3,1005,36,0,Haze
Noida,2026-08-12,32,39,35,37,65,3.6,1007,19,0,Clouds
Noida,2026-08-13,28.5,35.5,31.5,33.5,62,6.6,1017,53,0,Clouds
Meerut,2026-08-09,27.4,34.4,30.4,32.4,70,5.6,1007,34,11.4,Rain
Meerut,2026-08-10,30,37,33,35,81,3.4,1008,28,0,Mist
Meerut,2026-08-11,32,39,35,37,81,4.9,1009,67,0,Clouds
Meerut,2026-08-12,32,39,35,37,74,2.9,1010,32,0,Clouds
Meerut,2026-08-13,30.1,37.1,33.1,35.1,71,7.3,1013,8,0,Clear
Bareilly,2026-08-09,30.6,37.6,33.6,35.6,69,2.9,1012,1,0,Clouds
Bareilly,2026-08-10,28.9,35.9,31.9,33.9,54,6.6,1013,53,0,Haze
Bareilly,2026-08-11,31.1,38.1,34.1,36.1,72,2.2,1004,68,0,Mist
Bareilly,2026-08-12,28.9,35.9,31.9,33.9,54,5.6,1006,11,1.8,Rain
Bareilly,2026-08-13,32.4,39.4,35.4,37.4,66,3.4,1002,16,0,Clear
Aligarh,2026-08-09,31.2,38.2,34.2,36.2,75,6.5,1001,3,0,Clear
Aligarh,2026-08-10,31.3,38.3,34.3,36.3,75,2.2,1002,42,0,Clear
Aligarh,2026-08-11,31.4,38.4,34.4,36.4,64,6.7,1017,61,5.1,Rain
Aligarh,2026-08-12,30,37,33,35,56,5.2,1007,43,0,Mist
Aligarh,2026-08-13,33.6,40.6,36.6,38.6,79,4.4,1007,56,0,Mist
Moradabad,2026-08-09,31.2,38.2,34.2,36.2,63,2.1,1003,38,0,Clouds
Moradabad,2026-08-10,29.6,36.6,32.6,34.6,84,4.1,1017,9,0,Haze
Moradabad,2026-08-11,28.8,35.8,31.8,33.8,63,7.6,1009,57,0,Clear
Moradabad,2026-08-12,31.7,38.7,34.7,36.7,68,4.1,1005,31,0,Clear
Moradabad,2026-08-13,29,36,32,34,72,2.3,1008,50,0,Haze
Jhansi,2026-08-09,35.4,42.4,38.4,40.4,59,4.1,1012,57,0,Mist
Jhansi,2026-08-10,37.5,44.5,40.5,42.5,76,3,1010,16,14,Rain
Jhansi,2026-08-11,37.9,44.9,40.9,42.9,70,7,1016,0,10.1,Rain
Jhansi,2026-08-12,36.7,43.7,39.7,41.7,74,3.7,1008,58,13.3,Rain
Jhansi,2026-08-13,34.1,41.1,37.1,39.1,62,7.6,1009,35,0,Clear
Gorakhpur,2026-08-09,32.4,39.4,35.4,37.4,77,7.6,1004,0,0,Clear
Gorakhpur,2026-08-10,29.2,36.2,32.2,34.2,82,6,1015,16,0,Clouds
Gorakhpur,2026-08-11,33.8,40.8,36.8,38.8,70,4.8,1014,14,0,Clouds
Gorakhpur,2026-08-12,30.7,37.7,33.7,35.7,74,6.9,1005,49,0,Mist
Gorakhpur,2026-08-13,32.7,39.7,35.7,37.7,50,6.3,1006,57,0,Mist
Ayodhya,2026-08-09,28.4,35.4,31.4,33.4,51,5.1,1016,4,0,Haze
Ayodhya,2026-08-10,29.8,36.8,32.8,34.8,50,3.3,1001,33,8.8,Rain
Ayodhya,2026-08-11,29.8,36.8,32.8,34.8,62,2.1,1017,46,3.1,Rain
Ayodhya,2026-08-12,28.7,35.7,31.7,33.7,74,5.1,1013,25,0,Clear
Ayodhya,2026-08-13,30.5,37.5,33.5,35.5,67,5.1,1017,55,0,Clear
Mathura,2026-08-09,32.6,39.6,35.6,37.6,83,5.8,1017,20,0,Haze
Mathura,2026-08-10,32,39,35,37,72,5,1002,34,0,Haze
Mathura,2026-08-11,33.9,40.9,36.9,38.9,82,6.9,1006,53,0,Haze
Mathura,2026-08-12,35.1,42.1,38.1,40.1,81,5.5,1010,51,8.4,Rain
Mathura,2026-08-13,34.7,41.7,37.7,39.7,60,6.7,1012,7,0,Mist
Saharanpur,2026-08-09,28.5,35.5,31.5,33.5,54,7.3,1007,34,0,Haze
Saharanpur,2026-08-10,28.2,35.2,31.2,33.2,55,3.9,1017,27,4.1,Rain
Saharanpur,2026-08-11,30.3,37.3,33.3,35.3,54,2.7,1006,61,0,Clouds
Saharanpur,2026-08-12,28.2,35.2,31.2,33.2,57,5.1,1007,51,6.8,Rain
Saharanpur,2026-08-13,28.8,35.8,31.8,33.8,58,5.8,1017,63,0,Clear
Muzaffarnagar,2026-08-09,32,39,35,37,62,6.9,1015,33,0,Clouds
Muzaffarnagar,2026-08-10,28.6,35.6,31.6,33.6,80,2.3,1016,60,14.2,Rain
Muzaffarnagar,2026-08-11,27.4,34.4,30.4,32.4,66,3.6,1001,67,0,Clear
Muzaffarnagar,2026-08-12,28.2,35.2,31.2,33.2,59,3.4,1008,26,0,Clouds
Muzaffarnagar,2026-08-13,28.8,35.8,31.8,33.8,80,5.4,1006,46,0,Mist
Firozabad,2026-08-09,30.1,37.1,33.1,35.1,83,5.4,1008,4,0,Haze
Firozabad,2026-08-10,34.1,41.1,37.1,39.1,81,5.3,1006,12,0,Haze
Firozabad,2026-08-11,31.9,38.9,34.9,36.9,60,7.5,1005,51,0,Clear
Firozabad,2026-08-12,35.4,42.4,38.4,40.4,64,2.5,1013,17,0,Mist
Firozabad,2026-08-13,32.2,39.2,35.2,37.2,69,7.5,1013,44,0,Clouds
Rampur,2026-08-09,33.3,40.3,36.3,38.3,61,4.5,1006,11,0,Mist
Rampur,2026-08-10,30,37,33,35,79,5,1007,44,3.2,Rain
Rampur,2026-08-11,29.6,36.6,32.6,34.6,67,7.2,1017,24,0,Clouds
Rampur,2026-08-12,29.9,36.9,32.9,34.9,58,6.1,1006,68,4.9,Rain
Rampur,2026-08-13,30.2,37.2,33.2,35.2,52,6.8,1017,26,0,Clear
Bijnor,2026-08-09,31.2,38.2,34.2,36.2,76,3.3,1004,26,2.2,Rain
Bijnor,2026-08-10,31.8,38.8,34.8,36.8,66,7.1,1014,11,5.3,Rain
Bijnor,2026-08-11,31,38,34,36,61,4.3,1014,65,0,Mist
Bijnor,2026-08-12,30.6,37.6,33.6,35.6,58,3.5,1013,69,0,Clouds
Bijnor,2026-08-13,28.9,35.9,31.9,33.9,52,3.4,1003,56,0,Mist
Etawah,2026-08-09,34.2,41.2,37.2,39.2,67,3.2,1005,60,0,Mist
Etawah,2026-08-10,33.3,40.3,36.3,38.3,69,5.5,1006,52,0,Clear
Etawah,2026-08-11,33.8,40.8,36.8,38.8,53,2.7,1015,35,0,Clear
Etawah,2026-08-12,32.2,39.2,35.2,37.2,78,3.4,1015,48,0,Clear
Etawah,2026-08-13,34.7,41.7,37.7,39.7,58,2.4,1008,36,0,Mist
Rae Bareli,2026-08-09,30.8,37.8,33.8,35.8,69,3.8,1003,48,0,Mist
Rae Bareli,2026-08-10,31.2,38.2,34.2,36.2,66,2.8,1002,16,2.1,Rain
Rae Bareli,2026-08-11,32.1,39.1,35.1,37.1,79,6.4,1015,28,0,Clouds
Rae Bareli,2026-08-12,28.5,35.5,31.5,33.5,57,2.8,1010,10,0,Haze
Rae Bareli,2026-08-13,29.8,36.8,32.8,34.8,51,7.7,1010,41,1.1,Rain
Sitapur,2026-08-09,28.6,35.6,31.6,33.6,58,4.5,1016,42,0,Clear
Sitapur,2026-08-10,31.2,38.2,34.2,36.2,71,3.4,1012,62,14.4,Rain
Sitapur,2026-08-11,31.5,38.5,34.5,36.5,59,4.9,1007,27,0,Clear
Sitapur,2026-08-12,31.7,38.7,34.7,36.7,78,6.6,1009,30,0,Haze
Sitapur,2026-08-13,28.8,35.8,31.8,33.8,54,5.1,1004,64,0,Clouds
Hardoi,2026-08-09,33.3,40.3,36.3,38.3,78,2.3,1016,54,12.4,Rain
Hardoi,2026-08-10,29.9,36.9,32.9,34.9,74,2.9,1012,23,0,Haze
Hardoi,2026-08-11,33.6,40.6,36.6,38.6,77,3.7,1010,49,6.4,Rain
Hardoi,2026-08-12,33.6,40.6,36.6,38.6,83,3.4,1010,34,0,Clear
Hardoi,2026-08-13,33.3,40.3,36.3,38.3,83,5.1,1006,49,0,Mist
Shahjahanpur,2026-08-09,27.9,33.7,30.9,36.6,69,2.8,1000,93,0.4,Rain
Shahjahanpur,2026-08-10,26.9,34.7,30.1,35.4,73,3.7,1001,88,21.7,Rain
Shahjahanpur,2026-08-11,24.9,29.8,26.8,28.7,83,3.1,1001,77,10.7,Clouds
Shahjahanpur,2026-08-12,26.1,35.3,31.1,36.3,67,2.1,1001,55,0,Clouds
Shahjahanpur,2026-08-13,28,36.2,31.2,37.3,71,2.7,1000,95,5.6,Clouds
Lucknow,2026-08-14,27.3,34.3,30.3,32.3,65,6.1,1016,25,0,Haze
Lucknow,2026-08-15,30.1,37.1,33.1,35.1,61,5.5,1005,22,0,Clouds
Kanpur,2026-08-14,28.7,35.7,31.7,33.7,64,7.4,1003,59,10.7,Rain
Kanpur,2026-08-15,33.5,40.5,36.5,38.5,70,6.5,1005,7,0,Mist
Agra,2026-08-14,34.2,41.2,37.2,39.2,60,7,1004,0,0,Mist
Agra,2026-08-15,31.3,38.3,34.3,36.3,61,4.4,1005,37,0,Mist
Varanasi,2026-08-14,27.6,34.6,30.6,32.6,60,5.1,1007,54,0,Haze
Varanasi,2026-08-15,27.2,34.2,30.2,32.2,56,4.3,1015,49,0,Mist
Prayagraj,2026-08-14,27,30.2,28.2,32.6,81,3.4,1002,100,11.4,Rain
Prayagraj,2026-08-15,26.7,32.9,29.6,34.6,74,4.7,1001,96,4.4,Rain
Ghaziabad,2026-08-14,26.4,35.6,30.4,34.7,71,3.5,1000,99,27.5,Rain
Ghaziabad,2026-08-15,25.3,28.4,27.2,29.8,81,2,1001,100,16.5,Clouds
Noida,2026-08-14,27.7,36.4,31.6,36.4,65,3.6,1000,97,9.9,Rain
Noida,2026-08-15,26.1,29.7,28.3,31.4,73,2.2,1001,99,10.9,Clouds
Meerut,2026-08-14,25.4,32.8,28.9,33.3,81,2.8,1000,98,63.8,Rain
Meerut,2026-08-15,25.1,26.6,26,26.4,89,2.1,1001,100,35.1,Clouds
Bareilly,2026-08-14,25.2,30.9,28,32.4,85,3.2,1001,99,32.9,Rain
Bareilly,2026-08-15,25.1,26.3,25.7,26.5,92,2.8,1001,100,34.7,Rain
Moradabad,2026-08-14,25.8,32.8,28.5,32.2,85,3.1,1001,98,34.7,Rain
Moradabad,2026-08-15,24.7,25.7,25.3,26.3,94,3.4,1001,100,56.5,Rain
Aligarh,2026-08-14,26,34.3,29.3,33.5,77,3.7,1001,99,22.4,Rain
Aligarh,2026-08-15,26.1,29,27.3,29.6,82,1.8,1001,100,6.4,Clouds
Gorakhpur,2026-08-14,28.6,35.6,31.6,33.6,51,5.8,1007,6,0,Haze
Gorakhpur,2026-08-15,28.6,35.6,31.6,33.6,80,6,1010,51,1.5,Rain
Jhansi,2026-08-14,25.5,30.5,27.3,29.8,80,4.1,1003,98,11,Rain
Jhansi,2026-08-15,25.1,28.5,26.5,28.1,80,4.2,1003,99,6,Rain
Mathura,2026-08-14,27.1,32.8,29.3,34.3,77,3.4,1001,100,5.3,Rain
Mathura,2026-08-15,26.7,30.9,28.2,31.5,74,3.2,1001,100,1,Clouds
Saharanpur,2026-08-14,25.2,31.3,27.3,30,89,2.6,1000,99,70.6,Rain
Saharanpur,2026-08-15,24.7,28.3,25.9,27.7,92,2.2,1001,99,112.4,Clouds
Firozabad,2026-08-14,26.8,30.6,27.8,32,84,3.3,1001,100,29.6,Rain
Firozabad,2026-08-15,25.7,28.6,27.1,29.3,82,2.9,1001,100,7.7,Clouds
Muzaffarnagar,2026-08-14,25.3,33.3,28.3,32.7,85,2,1000,95,25.5,Rain
Muzaffarnagar,2026-08-15,24.9,27.5,25.8,27.6,92,2.1,1000,100,74.8,Clouds
Ayodhya,2026-08-14,25.7,28,26.9,29.3,89,1.9,1002,98,1.2,Clouds
Ayodhya,2026-08-15,25.5,33.1,28.9,33.3,81,3.7,1000,94,9.1,Rain
Shahjahanpur,2026-08-14,25.5,29.1,26.7,29,92,3.1,1001,98,32.8,Rain
Shahjahanpur,2026-08-15,25.8,29.3,26.8,28.3,87,3.2,1001,100,1.1,Rain
Rampur,2026-08-14,25.8,32.2,28,31.4,87,3.9,1001,98,27.9,Rain
Rampur,2026-08-15,25,26,25.4,26.3,93,3.4,1001,100,25.9,Rain
Lucknow,2026-08-16,25.5,29.1,27.1,29.8,87,2.6,1001,100,19.7,Clouds
Lucknow,2026-08-17,24.3,25.8,25,26.1,96,3.4,1002,100,105.3,Rain
Lucknow,2026-08-18,24.1,25.2,24.6,25.7,96,3.2,1004,100,54.9,Rain
Kanpur,2026-08-16,25.6,27.5,26.5,28.1,91,3.2,1002,100,15.6,Rain
Kanpur,2026-08-17,24.4,26.7,25.5,26.6,92,3.8,1003,100,22.5,Rain
Kanpur,2026-08-18,24.2,25,24.5,25.5,95,4,1003,100,35,Rain
Agra,2026-08-16,25.7,28.6,26.8,28.5,81,4,1002,100,14.4,Rain
Agra,2026-08-17,25.4,32.4,28.6,31.2,74,4.2,1001,100,11.5,Rain
Agra,2026-08-18,25.3,26.7,25.8,26.7,89,3.3,1003,100,27.7,Rain
Varanasi,2026-08-16,26,34.8,29.1,32.7,79,1.8,1001,99,40.3,Rain
Varanasi,2026-08-17,25.1,25.9,25.5,26.6,94,2.6,1003,100,17.4,Rain
Varanasi,2026-08-18,24.4,25,24.6,25.6,95,3.6,1004,100,19.9,Clouds
Prayagraj,2026-08-16,26.6,33.8,28.8,32.7,79,3,1001,99,14.5,Rain
Prayagraj,2026-08-17,24.9,26.3,25.5,26.4,93,3.4,1003,100,48.4,Rain
Prayagraj,2026-08-18,24,27.5,25.2,26.4,89,3.2,1004,100,8.9,Rain
Ghaziabad,2026-08-16,26.3,37.5,32.2,36,55,3.5,999,78,1.8,Clouds
Ghaziabad,2026-08-17,26.4,36.9,30.6,33.9,66,3.9,1000,94,3.3,Rain
Ghaziabad,2026-08-18,26.5,30.5,28.1,31.5,81,2.6,1003,98,5.3,Clouds
Noida,2026-08-16,25.8,38.1,33.1,36.5,51,3.8,1000,80,3.9,Clouds
Noida,2026-08-17,27.4,37.5,31.8,35.4,59,4.3,1001,87,1.8,Clouds
Noida,2026-08-18,27.5,31.4,29.4,34.1,72,2.2,1003,99,2.3,Clouds
Meerut,2026-08-16,26.4,35.3,29.9,34,73,2.8,999,92,2.7,Clouds
Meerut,2026-08-17,25.1,34.9,28.4,31.5,80,3.6,1001,89,8.4,Rain
Meerut,2026-08-18,24.6,29.7,26.8,29.3,89,3,1003,91,14,Clouds
Bareilly,2026-08-16,24.9,32.3,27.5,30.8,86,3,1000,97,38.3,Rain
Bareilly,2026-08-17,24.4,27.3,25.5,26.8,93,2.4,1002,100,11.9,Rain
Bareilly,2026-08-18,24.8,30.1,26.8,29.4,88,3.9,1003,90,8.5,Rain
Moradabad,2026-08-16,25.1,32.7,28.4,32.1,83,3.4,1000,96,23,Rain
Moradabad,2026-08-17,24.1,29.7,25.9,27.8,92,3.4,1002,99,27.2,Rain
Moradabad,2026-08-18,24.2,30.5,26.7,29.2,89,3.4,1003,92,9.1,Rain
Aligarh,2026-08-16,25.5,34,28.8,32,76,5.1,1000,97,14.4,Clouds
Aligarh,2026-08-17,25.3,34.7,28.4,31.8,78,4,1001,98,6.1,Rain
Aligarh,2026-08-18,24.8,28.6,26.2,28,89,2.1,1003,97,23,Rain
Gorakhpur,2026-08-16,30.5,38.9,34.7,37.7,44,4.7,999,31,0,Clear
Gorakhpur,2026-08-17,30.2,38.1,34.2,37,45,4.7,999,8,0.5,Clear
Gorakhpur,2026-08-18,29.1,36,32.7,36.8,56,4.1,1001,47,0.1,Rain
Jhansi,2026-08-16,23.9,28.9,26.2,27.9,86,4,1003,99,11.4,Rain
Jhansi,2026-08-17,24.3,27.6,25.8,26.8,82,4.6,1004,100,0.8,Clouds
Jhansi,2026-08-18,23,24.5,23.8,24.7,93,4.8,1005,100,28.7,Rain
Mathura,2026-08-16,25.7,33.1,28.1,31.1,77,4.6,1001,99,17.6,Rain
Mathura,2026-08-17,25.8,34.3,29.8,33.2,69,3.7,1001,98,5.6,Rain
Mathura,2026-08-18,25.3,26.9,26.1,27.3,87,3,1003,100,9,Rain
Saharanpur,2026-08-16,24.9,34.4,28.5,32.2,84,3.1,999,86,28.9,Rain
Saharanpur,2026-08-17,24.2,33.2,27.7,31.2,84,3.7,1001,71,24.4,Rain
Saharanpur,2026-08-18,23.9,28.1,26,28.2,88,3.5,1004,84,5.8,Rain
Firozabad,2026-08-16,25.3,27.4,26.4,27.2,85,3.6,1002,100,16.7,Rain
Firozabad,2026-08-17,24.9,28,26.1,28,88,3.9,1002,100,26.4,Rain
Firozabad,2026-08-18,24.6,26.7,25.3,26.6,92,3.6,1003,99,39.2,Rain
Muzaffarnagar,2026-08-16,25,35.2,29.2,33.2,82,2.6,999,93,10.1,Clouds
Muzaffarnagar,2026-08-17,24.3,33.3,27.7,31.4,86,3.2,1001,85,19.5,Rain
Muzaffarnagar,2026-08-18,24.1,29.8,26.2,28.7,89,3.2,1003,88,4.8,Rain
Ayodhya,2026-08-16,25.6,30.3,27.3,30,88,3,1001,100,28.8,Rain
Ayodhya,2026-08-17,24.8,25.3,25.1,26.2,96,1.3,1002,100,50.6,Rain
Ayodhya,2026-08-18,24.4,26.7,25.6,26.1,92,2,1004,99,17.1,Rain
Shahjahanpur,2026-08-16,24.7,27.6,26.1,27.9,92,3.5,1001,99,36.8,Rain
Shahjahanpur,2026-08-17,24.4,25.4,24.9,25.9,96,2.7,1002,100,47.6,Rain
Shahjahanpur,2026-08-18,24.8,28.9,26.5,29.1,90,3.5,1003,84,6.3,Rain
Rampur,2026-08-16,25,32.1,27.8,31.5,86,3.5,1000,98,27.9,Rain
Rampur,2026-08-17,24.1,27.8,25.6,27.2,92,3.1,1002,100,19.6,Rain
Rampur,2026-08-18,24.2,30.5,26.8,29.6,88,3.6,1003,91,10.9,Rain
Lucknow,2026-08-19,28.8,35.8,31.8,33.8,70,4.1,1005,21,0,Clear
Lucknow,2026-08-20,28.5,35.5,31.5,33.5,58,7,1004,14,0,Clouds
Lucknow,2026-08-21,29.3,36.3,32.3,34.3,84,7.8,1007,59,0,Haze
Lucknow,2026-08-22,28.1,35.1,31.1,33.1,58,3.7,1001,40,0,Haze
Kanpur,2026-08-19,29.5,36.5,32.5,34.5,54,4.6,1000,66,0,Mist
Kanpur,2026-08-20,32,39,35,37,65,5.8,1000,36,0,Clouds
Kanpur,2026-08-21,32.7,39.7,35.7,37.7,79,5.1,1009,41,0,Clear
Kanpur,2026-08-22,31.8,38.8,34.8,36.8,73,6,1010,50,0,Mist
Agra,2026-08-19,30.6,37.6,33.6,35.6,84,6.5,1013,49,0,Clouds
Agra,2026-08-20,31.9,38.9,34.9,36.9,77,7.6,1014,44,5.5,Rain
Agra,2026-08-21,31.3,38.3,34.3,36.3,65,6.3,1016,34,0,Mist
Agra,2026-08-22,31.3,38.3,34.3,36.3,59,6.6,1004,50,0,Haze
Varanasi,2026-08-19,30.6,37.6,33.6,35.6,72,4.8,1010,1,0,Haze
Varanasi,2026-08-20,29.8,36.8,32.8,34.8,80,6.7,1005,44,0,Mist
Varanasi,2026-08-21,28.5,35.5,31.5,33.5,81,3.3,1002,14,0,Haze
Varanasi,2026-08-22,27.7,34.7,30.7,32.7,76,7.3,1007,53,0,Clear
Prayagraj,2026-08-19,30.4,37.4,33.4,35.4,50,4.5,1005,52,0,Clear
Prayagraj,2026-08-20,34.6,41.6,37.6,39.6,75,5.2,1006,3,0,Mist
Prayagraj,2026-08-21,33.4,40.4,36.4,38.4,61,5.1,1008,54,0,Clear
Prayagraj,2026-08-22,29.6,36.6,32.6,34.6,75,6,1010,35,0,Clear
Ghaziabad,2026-08-19,33.3,40.3,36.3,38.3,78,6.7,1012,25,8.3,Rain
Ghaziabad,2026-08-20,29.5,36.5,32.5,34.5,76,5,1014,1,0,Mist
Ghaziabad,2026-08-21,32.3,39.3,35.3,37.3,58,6.8,1006,16,13.1,Rain
Ghaziabad,2026-08-22,30.7,37.7,33.7,35.7,57,4.4,1006,21,0,Clouds
Noida,2026-08-19,33.6,40.6,36.6,38.6,59,2.4,1013,64,0,Clear
Noida,2026-08-20,30.6,37.6,33.6,35.6,83,3.8,1015,49,0,Mist
Noida,2026-08-21,32.4,39.4,35.4,37.4,73,6.3,1006,56,0,Clear
Noida,2026-08-22,29.4,36.4,32.4,34.4,77,3.6,1011,13,0,Haze
Meerut,2026-08-19,29.2,36.2,32.2,34.2,73,6,1006,48,9.2,Rain
Meerut,2026-08-20,31.4,38.4,34.4,36.4,63,7.4,1005,43,0,Mist
Meerut,2026-08-21,30.3,37.3,33.3,35.3,82,3.4,1013,50,0,Clouds
Meerut,2026-08-22,27.3,34.3,30.3,32.3,65,2,1003,61,0,Clouds
Bareilly,2026-08-19,30.5,37.5,33.5,35.5,70,5.8,1014,19,0,Mist
Bareilly,2026-08-20,32.5,39.5,35.5,37.5,57,5.6,1011,2,14.9,Rain
Bareilly,2026-08-21,28.8,35.8,31.8,33.8,73,3.4,1011,68,14.3,Rain
Bareilly,2026-08-22,29.6,36.6,32.6,34.6,55,5.4,1009,53,0.4,Rain
Moradabad,2026-08-19,31.3,38.3,34.3,36.3,73,6.3,1016,2,13.4,Rain
Moradabad,2026-08-20,29.3,36.3,32.3,34.3,58,7.2,1009,26,0,Clouds
Moradabad,2026-08-21,32.5,39.5,35.5,37.5,84,3.6,1015,2,0,Clouds
Moradabad,2026-08-22,28.8,35.8,31.8,33.8,79,5.5,1004,22,0,Clear
Aligarh,2026-08-19,29.2,36.2,32.2,34.2,51,5.2,1003,66,0,Mist
Aligarh,2026-08-20,33.9,40.9,36.9,38.9,71,4.5,1014,57,0,Clouds
Aligarh,2026-08-21,30.9,37.9,33.9,35.9,61,7.6,1015,25,0,Clear
Aligarh,2026-08-22,31.1,38.1,34.1,36.1,73,5.2,1012,43,14.4,Rain
Gorakhpur,2026-08-19,33.2,40.2,36.2,38.2,52,4,1017,10,0,Clouds
Gorakhpur,2026-08-20,31.7,38.7,34.7,36.7,74,5.3,1012,26,0,Clouds
Gorakhpur,2026-08-21,28.8,35.8,31.8,33.8,77,6.8,1014,59,0,Mist
Gorakhpur,2026-08-22,28.1,35.1,31.1,33.1,59,3.7,1015,28,0.9,Rain
Jhansi,2026-08-19,36.7,43.7,39.7,41.7,60,7.7,1017,10,5.2,Rain
Jhansi,2026-08-20,37.3,44.3,40.3,42.3,64,6.3,1003,29,0,Haze
Jhansi,2026-08-21,33.5,40.5,36.5,38.5,73,2.3,1005,3,0,Haze
Jhansi,2026-08-22,35.8,42.8,38.8,40.8,57,4.7,1017,29,0,Clouds
Mathura,2026-08-19,35.6,42.6,38.6,40.6,66,4.5,1010,38,0,Clouds
Mathura,2026-08-20,34.3,41.3,37.3,39.3,80,5.1,1002,15,0,Mist
Mathura,2026-08-21,34.6,41.6,37.6,39.6,68,6.3,1012,42,0,Clouds
Mathura,2026-08-22,36.5,43.5,39.5,41.5,79,5,1002,23,0,Haze
Saharanpur,2026-08-19,28.8,35.8,31.8,33.8,72,6.3,1010,66,0,Clouds
Saharanpur,2026-08-20,30.4,37.4,33.4,35.4,66,5.1,1011,43,0,Clouds
Saharanpur,2026-08-21,27.6,34.6,30.6,32.6,58,7.6,1002,30,0,Clouds
Saharanpur,2026-08-22,32.6,39.6,35.6,37.6,72,6.8,1011,40,0,Mist
Firozabad,2026-08-19,32.1,39.1,35.1,37.1,78,3.7,1013,41,0,Mist
Firozabad,2026-08-20,33.1,40.1,36.1,38.1,61,4,1015,30,0,Clouds
Firozabad,2026-08-21,30.7,37.7,33.7,35.7,61,4.8,1000,28,0,Clear
Firozabad,2026-08-22,36,43,39,41,77,7.4,1010,30,0,Clouds
Muzaffarnagar,2026-08-19,32.2,39.2,35.2,37.2,66,4.8,1016,18,11.1,Rain
Muzaffarnagar,2026-08-20,32.6,39.6,35.6,37.6,58,7.6,1003,11,0,Clear
Muzaffarnagar,2026-08-21,30.8,37.8,33.8,35.8,80,2.2,1005,41,0,Haze
Muzaffarnagar,2026-08-22,28.8,35.8,31.8,33.8,54,8,1015,65,3.9,Rain
Ayodhya,2026-08-19,30,37,33,35,77,3.5,1014,63,3.1,Rain
Ayodhya,2026-08-20,32.5,39.5,35.5,37.5,64,5.1,1005,16,9.8,Rain
Ayodhya,2026-08-21,30,37,33,35,62,3.5,1012,32,0,Clouds
Ayodhya,2026-08-22,31.9,38.9,34.9,36.9,81,4.6,1016,25,0,Haze
Shahjahanpur,2026-08-19,31,38,34,36,50,6.3,1007,64,0.5,Rain
Shahjahanpur,2026-08-20,31.4,38.4,34.4,36.4,75,7.1,1010,32,0,Clouds
Shahjahanpur,2026-08-21,30,37,33,35,80,7.6,1009,32,0,Clouds
Shahjahanpur,2026-08-22,28.6,35.6,31.6,33.6,80,3.1,1016,59,0,Mist
Rampur,2026-08-19,31.4,38.4,34.4,36.4,69,6.3,1013,51,0,Haze
Rampur,2026-08-20,32.9,39.9,35.9,37.9,64,2.1,1008,23,0,Clear
Rampur,2026-08-21,28.2,35.2,31.2,33.2,55,6.9,1000,51,0,Haze
Rampur,2026-08-22,33.5,40.5,36.5,38.5,82,2.1,1004,66,0,Haze
Lucknow,2026-08-23,25.6,31.3,27.6,30.9,87,2.4,1003,99,22.9,Rain
Lucknow,2026-08-24,25.6,30.9,28,31.9,83,3.9,1002,88,6,Rain
Kanpur,2026-08-23,25.6,31.3,27.5,30.2,84,4.2,1003,96,11.2,Clouds
Kanpur,2026-08-24,25.2,30.8,27.1,29.8,86,3.9,1002,85,16,Clouds
Agra,2026-08-23,27.8,36,31.5,35.8,61,3.2,1002,79,7.9,Clouds
Agra,2026-08-24,26.8,33.7,30.3,34.9,68,3.7,1001,100,6.8,Clouds
Varanasi,2026-08-23,26,31.6,28.5,33,85,3.5,1002,100,12.7,Rain
Varanasi,2026-08-24,25.6,32.1,28.7,33.4,80,3.7,1002,94,4.5,Rain
Prayagraj,2026-08-23,26,30,27.6,30.6,84,3.7,1003,100,7.7,Clouds
Prayagraj,2026-08-24,25.7,31.7,28.4,32.6,78,3.5,1002,89,2.3,Clouds
Ghaziabad,2026-08-23,28.3,38,32.5,37.9,61,3,1001,85,1.3,Clouds
Ghaziabad,2026-08-24,27.7,37.2,32.8,38.6,61,2.6,1000,55,3.1,Clouds
Noida,2026-08-23,30.4,38.3,34,38.9,53,3.3,1001,82,2.7,Clouds
Noida,2026-08-24,29.5,39,34.3,39.6,53,2.5,1000,67,2.6,Clouds
Meerut,2026-08-23,25.9,35.4,29.5,34.1,79,2.7,1002,95,3.6,Clouds
Meerut,2026-08-24,25.3,35,30.6,36.3,74,2.1,1001,47,3,Clouds
Bareilly,2026-08-23,25.3,31.8,28.2,32,85,2.8,1002,98,21.4,Rain
Bareilly,2026-08-24,25.7,31.5,28.3,32.8,85,2,1001,88,13,Rain
Moradabad,2026-08-23,25.4,33.1,28.2,31.6,84,3,1002,98,9.6,Clouds
Moradabad,2026-08-24,25.7,33.2,29.1,33.7,82,2.3,1001,77,8.2,Rain
Aligarh,2026-08-23,27.3,35.5,31.1,36.1,66,2.9,1002,88,6,Clouds
Aligarh,2026-08-24,27.1,36.9,31.1,36.6,68,3.1,1001,93,1.4,Clouds
Gorakhpur,2026-08-23,29.9,39.8,33.8,37.4,50,3.4,1001,10,0.6,Clear
Gorakhpur,2026-08-24,28.5,40.2,34,37.5,50,2.9,1000,74,3.3,Clouds
Jhansi,2026-08-23,24.1,26.6,25.1,25.8,92,3.7,1004,100,17.7,Rain
Jhansi,2026-08-24,24.2,29,26.1,27.4,84,4,1003,97,5,Clouds
Mathura,2026-08-23,29,35.7,31.5,35.9,61,3.4,1002,98,6.4,Clouds
Mathura,2026-08-24,28.1,36.3,31.8,36.7,62,4.3,1001,82,2.1,Clouds
Saharanpur,2026-08-23,24.1,32.6,27.8,31.2,86,2.6,1002,82,15.6,Clouds
Saharanpur,2026-08-24,24.4,33.2,28.6,33,82,2.2,1001,56,5.4,Rain
Firozabad,2026-08-23,26.5,35.7,31.4,35.4,63,3.2,1002,92,5.7,Clouds
Firozabad,2026-08-24,25.6,30.3,28,31.4,80,3.8,1002,99,11.7,Rain
Muzaffarnagar,2026-08-23,24.9,33.7,28.4,32.2,85,2.7,1002,97,5,Clouds
Muzaffarnagar,2026-08-24,24.6,33.8,29.3,33.9,81,2,1001,46,5,Rain
Ayodhya,2026-08-23,25.7,28.2,26.5,28,92,1.9,1003,96,22.8,Clouds
Ayodhya,2026-08-24,25.2,31.7,28.3,32.7,85,3.1,1002,79,4.1,Rain
Shahjahanpur,2026-08-23,25.8,31.5,27.9,31.4,86,2.3,1002,99,20.1,Rain
Shahjahanpur,2026-08-24,25.6,30,27.2,30.7,89,2.3,1002,73,18.4,Rain
Rampur,2026-08-23,25.2,31.3,28,31.4,85,3.2,1002,97,11.8,Clouds
Rampur,2026-08-24,25.8,33.1,28.9,33.7,82,2.4,1001,79,7.2,Rain
Lucknow,2026-08-25,27.5,32,29.2,33.9,76,3.4,1002,80,17.6,Rain
Lucknow,2026-08-26,25.5,32.2,27.9,31.3,85,2.4,1001,100,54.9,Rain
Lucknow,2026-08-27,24.3,26.8,25.9,27.1,92,1.6,1002,100,20,Rain
Lucknow,2026-08-28,25.2,31.7,27.8,31.5,85,1.3,1002,96,23.6,Clouds
Kanpur,2026-08-25,27.5,32.4,29.6,34.6,75,3,1001,87,16.7,Rain
Kanpur,2026-08-26,25.6,31.3,27.8,31,82,3.3,1002,100,9.3,Rain
Kanpur,2026-08-27,25.2,27.8,26.2,27,89,2.3,1002,100,9.8,Rain
Kanpur,2026-08-28,25,31.6,28.4,32.2,80,1.9,1002,95,5.5,Clouds
Agra,2026-08-25,25.6,35.7,29.8,32.7,64,1.8,1002,100,5.3,Rain
Agra,2026-08-26,23.4,30.6,27.2,30,74,3.2,1002,100,1.1,Clouds
Agra,2026-08-27,28.2,37.2,32.3,35.5,54,3.4,1001,94,0,Clouds
Agra,2026-08-28,29.5,38,33.3,36.5,49,4.2,1001,83,0,Clouds
Varanasi,2026-08-25,26.4,32.8,29.6,34.8,79,4.2,1000,92,16.8,Rain
Varanasi,2026-08-26,26.5,33.1,29.2,34.5,83,2.7,1000,99,35.1,Rain
Varanasi,2026-08-27,25.1,26.1,25.6,26.3,96,4.3,1001,100,102,Rain
Varanasi,2026-08-28,25.1,30.2,26.8,29.3,88,3.3,1002,97,1.5,Rain
Prayagraj,2026-08-25,26.9,32.6,29.4,35.1,80,3.3,1001,100,28.4,Rain
Prayagraj,2026-08-26,25.7,31.1,28.1,32.4,87,3.4,1000,100,64.1,Rain
Prayagraj,2026-08-27,25,26.6,25.4,26.3,94,3.9,1002,100,35.4,Rain
Prayagraj,2026-08-28,25.2,30.7,27.6,30.5,84,3.5,1002,98,4.4,Rain
Ghaziabad,2026-08-25,28.1,34,30.9,34.1,59,2.2,1002,42,0.9,Clouds
Ghaziabad,2026-08-26,28.5,35.3,31.3,35.5,61,2.9,1001,59,0.4,Clouds
Ghaziabad,2026-08-27,27.6,38.2,32,36.3,61,3.6,1001,59,0.7,Clouds
Ghaziabad,2026-08-28,27.5,38.4,33.3,38,56,2.4,1001,29,0.4,Clear
Noida,2026-08-25,27.8,34.1,30.9,32.5,51,2.3,1002,45,1,Clouds
Noida,2026-08-26,29.1,35.2,31.8,34.7,53,2.6,1001,78,0.3,Clouds
Noida,2026-08-27,29.3,40,33.9,37.8,51,3.7,1000,64,0.6,Clouds
Noida,2026-08-28,28.7,39.9,34.9,38.7,47,2.3,1001,30,0,Clear
Meerut,2026-08-25,27.7,33.7,30.7,36.1,69,1.8,1002,49,0.8,Clouds
Meerut,2026-08-26,27,35.5,30.4,35.6,72,2.5,1001,55,0.9,Rain
Meerut,2026-08-27,25.9,35.9,29.8,33.9,75,3.4,1001,47,1.3,Clouds
Meerut,2026-08-28,25.2,35.5,30.6,35.8,71,2.4,1001,36,2.2,Clear
Bareilly,2026-08-25,27,34.9,30.2,35.8,76,2,1002,85,10.4,Clouds
Bareilly,2026-08-26,26.4,31.9,28.1,31.5,85,1.7,1002,100,18.9,Clouds
Bareilly,2026-08-27,25.4,32.2,28.1,31.4,83,3.3,1002,92,3.6,Rain
Bareilly,2026-08-28,25.6,33.5,29.5,34.6,77,1.9,1001,78,1.6,Clouds
Moradabad,2026-08-25,27.1,34.9,30,35.4,76,2.2,1002,75,2.1,Rain
Moradabad,2026-08-26,26.5,31.7,28.2,32.4,87,2.4,1002,98,2.2,Clouds
Moradabad,2026-08-27,25,33.2,28,31.2,82,3.5,1002,80,0.4,Rain
Moradabad,2026-08-28,25,34.4,29.6,34.5,76,2.3,1001,61,0.8,Clouds
Aligarh,2026-08-25,27.5,35.3,31,35.4,64,2.3,1002,57,0.4,Clouds
Aligarh,2026-08-26,27,31.1,28.5,32.8,77,3.1,1001,99,0.1,Clouds
Aligarh,2026-08-27,26.5,36.6,30.7,34.7,66,2.8,1001,94,0.1,Clouds
Aligarh,2026-08-28,26.6,36.6,31.8,36.4,63,2,1001,77,0,Clouds
Gorakhpur,2026-08-25,29.5,37.9,33.5,36.1,47,3.3,1001,24,0,Clouds
Gorakhpur,2026-08-26,29.8,41.3,35.3,37.5,41,3.4,999,20,0,Clouds
Gorakhpur,2026-08-27,32.6,41.7,36.7,38,33,4.7,999,30,0,Clear
Gorakhpur,2026-08-28,31.1,40.4,35.7,37,35,3.5,1000,61,0,Clouds
Jhansi,2026-08-25,24.3,29.5,26.2,28.3,89,3.1,1003,96,39.1,Rain
Jhansi,2026-08-26,24.5,26.2,25.5,26.1,87,3.5,1003,100,5.3,Clouds
Jhansi,2026-08-27,24.3,27.2,25.7,27.1,84,5.6,1003,100,3.5,Clouds
Jhansi,2026-08-28,24,28.6,25.8,27.4,81,5.7,1003,93,1,Clouds
Mathura,2026-08-25,27.4,35.7,31.2,34.4,58,2.1,1002,83,0.3,Clouds
Mathura,2026-08-26,26.3,31.8,28.6,32.1,72,3.3,1001,98,0.5,Clouds
Mathura,2026-08-27,28.5,38,32.9,36.2,52,3,1000,94,0.2,Clouds
Mathura,2026-08-28,28.7,38.1,33.5,36.7,49,2.9,1001,86,0,Clouds
Saharanpur,2026-08-25,26.6,34.1,29.8,33.7,73,1.7,1002,48,0,Clouds
Saharanpur,2026-08-26,25.9,34.9,29.5,33.6,77,2.7,1001,45,0.3,Clouds
Saharanpur,2026-08-27,24.2,33.9,28.3,31.9,82,3.6,1002,47,6.2,Clouds
Saharanpur,2026-08-28,24.4,33.6,29.4,34.1,75,2.6,1002,36,0.4,Clouds
Firozabad,2026-08-25,27.3,36.1,30.7,35.4,68,2.5,1002,87,8.5,Rain
Firozabad,2026-08-26,25.5,29.5,27.2,30,79,3.2,1002,100,1.5,Clouds
Firozabad,2026-08-27,26.5,37.2,30.9,34.2,63,3.1,1001,98,0,Clouds
Firozabad,2026-08-28,28.3,36.7,32.2,36.7,58,3.6,1001,84,0.4,Clouds
Muzaffarnagar,2026-08-25,26.9,33.8,30,35.4,75,1.6,1002,53,0,Clouds
Muzaffarnagar,2026-08-26,24.8,35.1,29.3,34.2,80,2.4,1001,63,1.2,Clouds
Muzaffarnagar,2026-08-27,24.6,33.9,28.4,32.5,83,3.6,1001,43,3.5,Clear
Muzaffarnagar,2026-08-28,24.3,33.8,29.4,34.3,77,2.3,1001,62,1.9,Clouds
Ayodhya,2026-08-25,27.3,33.9,29.8,35.6,78,4.5,1001,84,1.7,Rain
Ayodhya,2026-08-26,25.7,32.9,28.9,33.6,82,3.6,1001,95,32.7,Rain
Ayodhya,2026-08-27,25.5,28.1,26.8,29.3,92,2.3,1002,100,14,Rain
Ayodhya,2026-08-28,25.3,32,27.9,32,87,2,1001,95,20.2,Rain
Shahjahanpur,2026-08-25,27,34.4,30.2,36,76,2.7,1002,72,10.9,Rain
Shahjahanpur,2026-08-26,26.1,29.6,27.6,31.2,86,2,1002,99,20.5,Clouds
Shahjahanpur,2026-08-27,26,29.7,27.4,30.1,86,2.7,1002,100,0.2,Rain
Shahjahanpur,2026-08-28,26,33.7,29.4,34.4,79,1.9,1001,73,4.7,Rain
Rampur,2026-08-25,26.8,35.1,29.8,35.1,79,2.2,1002,79,8.2,Rain
Rampur,2026-08-26,25.8,32.7,27.9,30.4,89,2.1,1002,99,6.1,Clouds
Rampur,2026-08-27,24.9,31.8,27.4,30.4,84,3.6,1002,86,0.4,Rain
Rampur,2026-08-28,25,34,29.3,33.6,77,2.3,1001,60,1,Clouds
Bijnor,2026-08-24,27,27,27,29.9,82,1,1003,100,0,Clouds
Bijnor,2026-08-25,26.7,34.2,29.8,34.8,75,1.8,1002,53,0.1,Clouds
Bijnor,2026-08-26,25.2,34.3,28.8,32.9,83,2.6,1001,77,4.2,Rain
Bijnor,2026-08-27,24.5,33.3,28,31.7,84,4,1002,38,4.2,Rain
Bijnor,2026-08-28,24.4,34,29.4,34.2,77,2.4,1001,57,0.5,Clouds
Etawah,2026-08-24,28.8,28.8,28.8,34.3,80,2.6,1001,100,0.9,Rain
Etawah,2026-08-25,27.8,35.7,31.2,36.9,68,2.6,1002,98,11.4,Rain
Etawah,2026-08-26,26.1,27.8,27,29.1,83,2.4,1002,100,3,Clouds
Etawah,2026-08-27,26.6,33.4,29.2,32.4,70,3.6,1002,100,0,Clouds
Etawah,2026-08-28,26.9,36.4,30.1,34.2,68,3.1,1001,95,4.7,Clouds
Rae Bareli,2026-08-24,28.3,28.3,28.3,33.5,84,2.7,1001,99,0.3,Rain
Rae Bareli,2026-08-25,27.5,32.5,29.6,35.2,77,3.5,1001,95,27.1,Rain
Rae Bareli,2026-08-26,25.9,31.7,28.1,31.7,85,3.3,1001,100,69.6,Rain
Rae Bareli,2026-08-27,24.8,26.2,25.3,26.2,95,3,1002,100,27.9,Rain
Rae Bareli,2026-08-28,25,31.8,28.1,32.6,85,2.3,1002,96,11.9,Rain
Sitapur,2026-08-24,27.9,27.9,27.9,33.1,88,3.2,1002,51,2.1,Rain
Sitapur,2026-08-25,27.5,34.1,30.2,35.9,74,3.3,1002,74,5.2,Rain
Sitapur,2026-08-26,26.4,31.4,28.4,32.6,82,2.7,1002,100,13.6,Clouds
Sitapur,2026-08-27,25.5,29.3,26.7,28.7,89,2.1,1002,99,8.6,Clouds
Sitapur,2026-08-28,25.9,32.6,28.5,32.4,82,2.3,1002,85,4.3,Clouds
Hardoi,2026-08-24,28.3,28.3,28.3,33.3,83,2.6,1002,12,0.2,Rain
Hardoi,2026-08-25,27.8,33.6,30.3,36.1,73,2.6,1002,80,3.3,Rain
Hardoi,2026-08-26,26.6,30,28.2,32.4,82,2.5,1002,100,14.4,Clouds
Hardoi,2026-08-27,26,29.8,27.4,29.9,86,2.1,1002,100,1.3,Rain
Hardoi,2026-08-28,26.4,32.9,29.3,33.8,79,1.9,1001,98,7.4,Rain
Azamgarh,2026-08-24,27.9,27.9,27.9,33,87,4.5,1001,97,2.6,Rain
Azamgarh,2026-08-25,27.6,33.9,30.4,36.2,73,4.6,1001,90,4.1,Clouds
Azamgarh,2026-08-26,26.2,33.6,29.6,34.9,79,3.8,1000,96,28.8,Rain
Azamgarh,2026-08-27,25.5,28.4,26.7,29.2,93,2.3,1001,100,18.8,Rain
Azamgarh,2026-08-28,25.6,32.1,28.4,33,84,2.3,1001,99,9.3,Rain
Badaun,2026-08-24,27.9,27.9,27.9,32.3,84,2.2,1002,100,0,Clouds
Badaun,2026-08-25,27.5,33.6,30.4,35.8,71,1.9,1002,78,10.1,Clouds
Badaun,2026-08-26,26.7,30.5,28,32.5,83,2.4,1002,100,11,Clouds
Badaun,2026-08-27,26.2,33.3,28.8,32.5,80,3.4,1002,94,2.4,Rain
Badaun,2026-08-28,26.2,34.1,29.6,34.6,77,2.5,1001,84,3.6,Rain
Bahraich,2026-08-24,28.1,28.1,28.1,33.5,87,3,1002,99,0,Clouds
Bahraich,2026-08-25,27.7,33,30.1,36,76,3.8,1002,77,1.8,Clouds
Bahraich,2026-08-26,26.4,33.1,29.1,33.5,80,3.2,1002,97,23.9,Rain
Bahraich,2026-08-27,25.6,28.9,27.1,29.7,87,2.8,1002,95,22.3,Rain
Bahraich,2026-08-28,25.5,32,28.5,32.3,84,1.8,1002,95,21.9,Rain
Ballia,2026-08-24,28.1,28.1,28.1,32.1,78,4.6,1001,85,0,Clouds
Ballia,2026-08-25,27.9,35.4,30.9,35.4,65,5.2,1000,90,0.6,Clouds
Ballia,2026-08-26,27.7,34.8,30.6,36.5,72,4.2,1000,99,6.7,Rain
Ballia,2026-08-27,25.9,29.5,27.7,31.1,87,3.3,1001,100,32.8,Rain
Ballia,2026-08-28,26.1,32.5,28.8,32.8,79,3,1001,100,2.3,Clouds
Banda,2026-08-24,29.3,29.3,29.3,34.9,77,0.8,1001,100,0,Clouds
Banda,2026-08-25,26.3,32.4,29.2,34.1,80,2.1,1001,98,43.1,Rain
Banda,2026-08-26,24.7,29.4,26.5,28.5,90,4.3,1002,100,39.4,Rain
Banda,2026-08-27,25,26.4,25.7,26.3,90,3.3,1003,100,3.7,Clouds
Banda,2026-08-28,25.1,31.8,27.6,29.9,79,4.7,1002,90,2.2,Clouds
Barabanki,2026-08-24,28.6,28.6,28.6,33.8,81,2.6,1002,92,0,Clouds
Barabanki,2026-08-25,27.4,32.4,29.8,35.4,75,3.6,1002,86,4.1,Rain
Barabanki,2026-08-26,25.8,32.7,28.2,31.9,83,2.7,1001,100,44.6,Rain
Barabanki,2026-08-27,25,27.1,26.1,27.4,93,2,1002,100,22.7,Rain
Barabanki,2026-08-28,25.2,31.1,27.4,30.2,89,1.4,1001,97,49.1,Rain
Basti,2026-08-24,27.5,27.5,27.5,32.3,90,3.4,1002,89,1.6,Rain
Basti,2026-08-25,27.3,32.9,29.8,35.5,77,4.6,1001,83,1.1,Rain
Basti,2026-08-26,25.8,34.3,29.3,34,80,4.1,1001,93,16.1,Rain
Basti,2026-08-27,25.2,27.7,26.4,28.8,92,3,1002,99,19.3,Clouds
Basti,2026-08-28,25.1,31.9,28.2,32.4,86,2.2,1001,98,18.7,Rain
Bhadohi,2026-08-24,26,26,26,26,89,3,1001,100,1.5,Rain
Bhadohi,2026-08-25,26.1,32.2,29.3,34.5,80,3.8,1000,95,23.2,Rain
Bhadohi,2026-08-26,26.3,33.1,29,33.6,84,3.9,1000,100,40.2,Rain
Bhadohi,2026-08-27,25,25.9,25.3,26.4,96,4.3,1002,100,35.7,Rain
Bhadohi,2026-08-28,25.1,30.3,27.1,30.3,87,3.2,1002,98,3.6,Rain
Bulandshahr,2026-08-24,28,28,28,31.9,79,0.8,1002,100,0,Clouds
Bulandshahr,2026-08-25,27.5,33.9,30.8,35.9,68,2.1,1002,45,0.9,Clouds
Bulandshahr,2026-08-26,26.2,32.9,29.6,34.4,77,2.6,1001,85,0.8,Clouds
Bulandshahr,2026-08-27,25.9,36.4,30.1,33.6,72,3.1,1001,70,1.5,Clouds
Bulandshahr,2026-08-28,26.2,36.4,31.3,36.1,67,2.1,1001,43,0.1,Clouds
Chandauli,2026-08-24,27.8,27.8,27.8,32.9,88,3,1001,100,0,Clouds
Chandauli,2026-08-25,27.5,33.6,30,35.9,76,4.5,1000,87,12.9,Rain
Chandauli,2026-08-26,26.9,34.2,29.7,35.6,80,2.8,1000,98,34.2,Rain
Chandauli,2026-08-27,25.3,27.7,26,27.2,94,4,1001,100,112.5,Clouds
Chandauli,2026-08-28,25.1,29.8,26.8,29.1,87,3.4,1002,97,0.9,Rain
Chitrakoot,2026-08-24,28.2,28.2,28.2,32.9,82,0.4,1001,100,5.7,Rain
Chitrakoot,2026-08-25,25.9,31.9,28.3,32.5,85,2,1001,100,30.9,Rain
Chitrakoot,2026-08-26,24.4,29.6,26.7,30.1,91,3.9,1002,100,37.5,Rain
Chitrakoot,2026-08-27,24.3,26.6,25.3,26.1,93,3.9,1003,100,9.9,Rain
Chitrakoot,2026-08-28,24.6,29,26.6,28.5,84,4.9,1003,95,2.1,Clouds
Deoria,2026-08-24,27.9,27.9,27.9,33,88,4.6,1002,34,0.4,Rain
Deoria,2026-08-25,27.6,34.1,30.5,36.2,72,5.3,1001,70,1.2,Clouds
Deoria,2026-08-26,26.8,33.2,29.9,35.3,75,4.6,1001,99,3.3,Rain
Deoria,2026-08-27,25.6,30.5,27.6,31.4,88,3.2,1001,100,34.8,Rain
Deoria,2026-08-28,25.9,31.5,28.8,33.9,83,2,1001,100,9.7,Clouds
Etah,2026-08-24,28.3,28.3,28.3,33.6,84,2.2,1002,100,0.6,Rain
Etah,2026-08-25,27.8,35.6,31.1,36.5,67,2.4,1002,69,9.1,Clouds
Etah,2026-08-26,26.6,30.4,28,31.4,78,2.9,1002,100,1,Clouds
Etah,2026-08-27,26.8,34.5,30.1,34.3,69,3.1,1001,98,0.1,Clouds
Etah,2026-08-28,27,36,31.2,36.5,67,2.5,1001,80,0.7,Clouds
Farrukhabad,2026-08-24,28.5,28.5,28.5,33.6,81,2.9,1002,77,0,Clouds
Farrukhabad,2026-08-25,27.8,34.8,30.8,36.8,72,2.5,1002,86,19.1,Rain
Farrukhabad,2026-08-26,26.5,28.1,27.4,30.2,84,2.8,1002,100,10.5,Clouds
Farrukhabad,2026-08-27,26.1,31.5,28.2,31.9,79,2.5,1002,99,1.6,Clouds
Farrukhabad,2026-08-28,25.9,33,29.7,34.2,74,1.9,1001,94,7.8,Clouds
Fatehpur,2026-08-24,28.1,28.1,28.1,33.1,84,3.2,1001,100,3.5,Rain
Fatehpur,2026-08-25,27,31.3,29.1,34.7,80,2.6,1001,98,34.8,Rain
Fatehpur,2026-08-26,25.2,31.3,27.7,31.4,86,3.3,1002,100,43.3,Rain
Fatehpur,2026-08-27,25,25.8,25.3,26.3,94,2.6,1003,100,15,Rain
Fatehpur,2026-08-28,24.8,31.7,28.3,32.3,80,3.2,1002,96,5.5,Clouds
Ghazipur,2026-08-24,28.1,28.1,28.1,32.8,83,3.6,1001,100,0,Clouds
Ghazipur,2026-08-25,27.9,33.5,30.5,36.3,71,4.5,1000,83,7.8,Clouds
Ghazipur,2026-08-26,27.6,34.3,30.4,36.6,75,3.5,1000,99,13.6,Rain
Ghazipur,2026-08-27,25.7,27.9,26.7,29.8,92,3.4,1001,100,33.3,Rain
Ghazipur,2026-08-28,25.6,30.7,27.7,31.2,84,3.2,1002,99,1.3,Clouds
Gonda,2026-08-24,27.8,27.8,27.8,33,90,3.3,1002,100,0.5,Rain
Gonda,2026-08-25,27.4,32.8,29.8,35.7,78,4.2,1002,82,0,Clouds
Gonda,2026-08-26,25.5,32.8,28.8,33.3,82,3.5,1001,92,28.5,Rain
Gonda,2026-08-27,25.3,28.5,26.7,29.3,91,2.7,1002,99,17.3,Rain
Gonda,2026-08-28,25.3,32.9,28.3,32.6,85,2.3,1001,95,22.3,Rain
Hamirpur,2026-08-24,29.1,29.1,29.1,33.9,75,1.4,1001,68,0,Clouds
Hamirpur,2026-08-25,26.9,33.6,29.8,35,76,2.3,1001,87,28.7,Rain
Hamirpur,2026-08-26,25.6,30.5,27.5,30.8,84,3.5,1002,100,13.4,Rain
Hamirpur,2026-08-27,25.4,26.8,26.1,27.2,89,2.7,1003,100,5.6,Rain
Hamirpur,2026-08-28,25.4,32.5,28.9,32.3,75,4,1002,92,1.6,Clouds
Hapur,2026-08-24,28,28,28,32.2,80,1.1,1002,100,0,Clouds
Hapur,2026-08-25,27.6,33.7,30.6,36.2,71,1.9,1002,50,1.6,Clouds
Hapur,2026-08-26,26.2,33.3,29.8,34.7,78,2.8,1001,76,0.7,Rain
Hapur,2026-08-27,25.5,35.3,29.7,33.8,75,3.4,1001,53,1.6,Clouds
Hapur,2026-08-28,25.6,35.4,30.7,35.9,71,2.2,1001,37,1.8,Clouds
Hathras,2026-08-24,28,28,28,32.3,81,1.6,1002,100,0,Clouds
Hathras,2026-08-25,27.3,35.8,31,35,62,2.5,1002,60,0.4,Clouds
Hathras,2026-08-26,25.9,30.6,27.8,31.3,78,3.1,1001,99,0.3,Clouds
Hathras,2026-08-27,26.9,37.2,31.2,34.9,62,2.8,1001,98,0,Clouds
Hathras,2026-08-28,27.5,37,32.2,36.7,59,2.5,1001,86,0,Clouds
Jalaun,2026-08-24,30,30,30,36.4,75,0.8,1001,100,0.9,Rain
Jalaun,2026-08-25,26.4,34.4,30.3,35.5,73,2.3,1002,88,32.2,Rain
Jalaun,2026-08-26,25.1,28.2,26.6,28.5,86,2.8,1002,100,13,Clouds
Jalaun,2026-08-27,26.1,29.7,27.4,29.3,80,3.8,1002,100,1.4,Clouds
Jalaun,2026-08-28,26,32.9,28.3,31.5,75,4.2,1002,99,5.9,Rain
Jaunpur,2026-08-24,27.3,27.3,27.3,31.6,90,3,1001,100,2.6,Rain
Jaunpur,2026-08-25,27,32.4,29.6,35.5,80,3.9,1000,93,19.5,Rain
Jaunpur,2026-08-26,26.7,33.5,29.3,34.9,83,3.5,1001,96,34.3,Rain
Jaunpur,2026-08-27,25.4,27.3,26.2,27.8,95,2.7,1002,100,24.4,Rain
Jaunpur,2026-08-28,25.5,31.7,27.7,31.3,87,3.2,1002,98,2.7,Rain
Kannauj,2026-08-24,28.5,28.5,28.5,33.7,82,2.8,1001,84,4.3,Rain
Kannauj,2026-08-25,28.1,33.7,30.4,36,72,2.9,1001,85,5.9,Clouds
Kannauj,2026-08-26,26.7,29.9,27.8,31.7,81,3.1,1002,100,9.3,Clouds
Kannauj,2026-08-27,26.1,30.1,27.5,30.7,82,2.1,1002,100,0.4,Clouds
Kannauj,2026-08-28,26.2,33.2,29.4,33.8,76,1.5,1001,96,7.6,Clouds
Kanpur Dehat,2026-08-24,29.6,36.6,32.6,34.6,82,7.1,1007,69,0,Clear
Kanpur Dehat,2026-08-25,31.9,38.9,34.9,36.9,76,7.2,1006,34,0,Clear
Kanpur Dehat,2026-08-26,31.9,38.9,34.9,36.9,55,7,1011,66,0,Haze
Kanpur Dehat,2026-08-27,28.4,35.4,31.4,33.4,63,4.3,1000,14,0,Clouds
Kanpur Dehat,2026-08-28,30.3,37.3,33.3,35.3,75,5.6,1003,1,0,Clear
Kasganj,2026-08-24,28.3,28.3,28.3,33.1,81,1.9,1002,100,0,Clouds
Kasganj,2026-08-25,27.9,35.4,31.1,36.3,67,2.2,1002,71,7.1,Clouds
Kasganj,2026-08-26,27.2,31.8,28.4,32.4,77,2.8,1002,100,0.3,Clouds
Kasganj,2026-08-27,27,35.2,30.2,34.7,70,3.1,1001,97,0,Clouds
Kasganj,2026-08-28,26.8,35.8,31,36.3,68,2.7,1001,80,0.5,Clouds
Kaushambi,2026-08-24,28.1,28.1,28.1,34.6,94,1.7,1003,100,0,Clouds
Kaushambi,2026-08-25,27.7,34.1,30.9,33,55,2.3,1002,44,0.9,Clouds
Kaushambi,2026-08-26,29.1,35.3,31.9,34.9,53,2.8,1001,77,0.3,Clouds
Kaushambi,2026-08-27,29.4,39.6,33.7,37.7,52,3.7,1000,64,0.5,Clouds
Kaushambi,2026-08-28,28.8,39.7,34.9,38.7,47,2.5,1001,32,0,Clear
Kheri,2026-08-24,27.6,27.6,27.6,32.6,90,3.5,1002,89,3.9,Rain
Kheri,2026-08-25,27.3,34.3,29.8,35.6,78,3.2,1002,68,9.2,Rain
Kheri,2026-08-26,26,32.4,28.6,33.3,82,2.5,1002,99,11.3,Rain
Kheri,2026-08-27,25.4,27.9,26.2,27.9,92,2.3,1002,100,17.5,Rain
Kheri,2026-08-28,25.4,32.4,28.9,33,78,2.3,1002,77,1.7,Clouds
Kushinagar,2026-08-24,27.6,27.6,27.6,32.4,90,4.3,1002,47,0.8,Rain
Kushinagar,2026-08-25,26.8,34.2,30,35.7,75,5.2,1001,70,3.1,Rain
Kushinagar,2026-08-26,25.7,33.5,29.3,33.9,78,4.6,1001,96,3.6,Rain
Kushinagar,2026-08-27,25.5,30.5,27.3,30,88,3.5,1002,100,24.5,Rain
Kushinagar,2026-08-28,25.9,32,28.9,34.1,82,2.3,1002,95,5.5,Clouds
Lalitpur,2026-08-24,25.2,25.2,25.2,26.1,89,3.1,1003,100,0.2,Rain
Lalitpur,2026-08-25,24.7,30,26.1,27.8,87,3.2,1003,96,8.6,Rain
Lalitpur,2026-08-26,23.8,26.3,24.8,25.6,88,4.1,1004,100,13.7,Rain
Lalitpur,2026-08-27,23.6,25.6,24.6,25.4,87,5.6,1004,100,4,Clouds
Lalitpur,2026-08-28,23.4,25.6,24.5,25.2,85,5.6,1005,100,1.2,Clouds
Maharajganj,2026-08-24,26.9,26.9,26.9,30.7,93,4,1003,87,0.3,Rain
Maharajganj,2026-08-25,26,33,29.3,34.3,81,4.9,1002,53,2.9,Clouds
Maharajganj,2026-08-26,25.7,32.5,28.5,32.5,84,4.7,1002,85,7.7,Rain
Maharajganj,2026-08-27,25.1,27.4,26.1,28.2,92,3.7,1002,100,19.4,Rain
Maharajganj,2026-08-28,25.3,32.7,28.7,33.4,83,2.5,1002,88,8.3,Rain
Mahoba,2026-08-24,27.5,27.5,27.5,30.8,80,1.9,1001,72,0,Clouds
Mahoba,2026-08-25,25.4,30.9,28,32,83,2.8,1002,92,56,Rain
Mahoba,2026-08-26,24.5,26.6,25.1,26,92,4,1003,100,24.7,Rain
Mahoba,2026-08-27,24.5,25.9,25.3,26.2,90,4.8,1003,100,3.6,Rain
Mahoba,2026-08-28,24.3,30.2,26.2,28.1,83,5.7,1003,100,6.4,Clouds
Mainpuri,2026-08-24,28.7,28.7,28.7,33.8,80,3,1002,100,5.5,Rain
Mainpuri,2026-08-25,27.9,35.3,31.3,36.8,67,2.7,1002,97,9.4,Clouds
Mainpuri,2026-08-26,26.1,28,27.2,30.1,82,2.6,1002,100,3.4,Clouds
Mainpuri,2026-08-27,26.6,34.7,29.6,33.2,71,3.1,1001,97,0.2,Clouds
Mainpuri,2026-08-28,27.3,35.7,30.6,35.5,68,2.3,1001,90,2.6,Clouds
Mau,2026-08-24,27.9,27.9,27.9,32.7,86,4.3,1001,75,0,Clouds
Mau,2026-08-25,27.6,34.1,30.6,36.3,72,4.5,1000,89,4,Clouds
Mau,2026-08-26,26.3,33.7,29.9,35.3,77,4,1000,97,18.7,Rain
Mau,2026-08-27,25.6,28.3,26.9,29.4,92,2.5,1001,99,22.8,Clouds
Mau,2026-08-28,25.6,31.6,28.2,32.5,85,2.5,1001,96,4.8,Rain
Mirzapur,2026-08-24,27.3,27.3,27.3,31.5,90,2.3,1001,100,3.3,Rain
Mirzapur,2026-08-25,27,32.4,29.5,35.5,81,3.4,1000,95,31.1,Rain
Mirzapur,2026-08-26,26.4,32.7,29,33.7,84,2.8,1000,100,27.2,Rain
Mirzapur,2026-08-27,25.1,26.1,25.4,26.3,95,4.6,1002,100,46.7,Rain
Mirzapur,2026-08-28,25,29.9,26.7,29.1,89,3.6,1002,100,2.9,Rain
Orai,2026-08-24,30,30,30,36.1,74,1,1001,100,0.4,Rain
Orai,2026-08-25,26.3,33.4,29.9,35.1,76,2.2,1002,86,39,Rain
Orai,2026-08-26,25,27.5,26.3,27.5,88,2.9,1002,100,29.7,Clouds
Orai,2026-08-27,25.8,28.1,27,28.8,82,4,1002,100,1.4,Clouds
Orai,2026-08-28,25.9,32.4,28.4,31.1,75,4.5,1002,94,4.1,Rain
Pilibhit,2026-08-24,27,27,27,30.2,85,2.6,1002,92,0,Clouds
Pilibhit,2026-08-25,26.3,35.1,29.6,34.1,82,2.4,1003,78,28,Rain
Pilibhit,2026-08-26,25.3,32.8,27.6,30.2,88,1.6,1002,100,23.3,Rain
Pilibhit,2026-08-27,24.5,30.5,26.8,30,88,3.2,1002,93,5.5,Rain
Pilibhit,2026-08-28,24.8,33.3,28.9,33.4,79,1.8,1002,61,3.1,Clouds
Pratapgarh,2026-08-24,23.7,23.7,23.7,24.3,86,4.8,1005,69,0.1,Rain
Pratapgarh,2026-08-25,23,29.7,25.3,26.6,82,4.8,1006,88,5,Rain
Pratapgarh,2026-08-26,22.3,28.1,24.8,26.1,82,6.6,1006,98,1.4,Clouds
Pratapgarh,2026-08-27,22.3,28.5,25,25.9,77,6.7,1006,92,0,Clouds
Pratapgarh,2026-08-28,22.5,26.9,24.2,24.9,80,6.3,1007,88,0,Clouds
Sant Kabir Nagar,2026-08-24,32.5,39.5,35.5,37.5,75,3.3,1003,49,8.2,Rain
Sant Kabir Nagar,2026-08-25,31.8,38.8,34.8,36.8,76,3.6,1007,9,7,Rain
Sant Kabir Nagar,2026-08-26,30.5,37.5,33.5,35.5,66,5.1,1013,11,0,Haze
Sant Kabir Nagar,2026-08-27,30.1,37.1,33.1,35.1,78,3.2,1003,53,0,Clouds
Sant Kabir Nagar,2026-08-28,31.8,38.8,34.8,36.8,53,3.3,1005,68,0,Mist
Shamli,2026-08-24,27.8,27.8,27.8,31.8,82,1.1,1002,100,0,Clouds
Shamli,2026-08-25,27.5,34.2,30.6,35.7,69,1.6,1002,46,0,Clouds
Shamli,2026-08-26,26.5,35.8,30.1,35.2,75,2.6,1001,47,0,Clouds
Shamli,2026-08-27,25,35.1,29.2,33.2,78,3.4,1001,50,0.8,Clear
Shamli,2026-08-28,24.3,35.4,30,34.9,74,2.5,1001,65,2.3,Clouds
Shravasti,2026-08-24,30.2,37.2,33.2,35.2,62,4.4,1001,2,10,Rain
Shravasti,2026-08-25,29.4,36.4,32.4,34.4,67,5.9,1004,37,0,Haze
Shravasti,2026-08-26,32.3,39.3,35.3,37.3,71,7.4,1005,54,0,Clouds
Shravasti,2026-08-27,32.1,39.1,35.1,37.1,71,5.1,1005,41,0,Mist
Shravasti,2026-08-28,28.3,35.3,31.3,33.3,57,6.2,1001,49,7.3,Rain
Siddharthnagar,2026-08-24,32,39,35,37,67,6.5,1005,28,5.5,Rain
Siddharthnagar,2026-08-25,32.3,39.3,35.3,37.3,56,2.5,1013,35,0,Haze
Siddharthnagar,2026-08-26,31.9,38.9,34.9,36.9,70,2.8,1008,23,0,Mist
Siddharthnagar,2026-08-27,31.7,38.7,34.7,36.7,59,7,1015,22,8.9,Rain
Siddharthnagar,2026-08-28,28.4,35.4,31.4,33.4,70,5.1,1014,27,0,Clear
Sonbhadra,2026-08-24,28,35,31,33,54,5,1001,36,8.4,Rain
Sonbhadra,2026-08-25,30.3,37.3,33.3,35.3,50,2.5,1013,63,0,Mist
Sonbhadra,2026-08-26,28,35,31,33,61,3.3,1015,24,0,Clouds
Sonbhadra,2026-08-27,32,39,35,37,63,2.2,1000,4,11.4,Rain
Sonbhadra,2026-08-28,30.2,37.2,33.2,35.2,78,3.5,1017,42,0,Mist
Sultanpur,2026-08-24,28.1,28.1,28.1,33,84,3.1,1001,100,0,Clouds
Sultanpur,2026-08-25,27.7,33,29.9,35.8,77,4.1,1001,93,10.9,Rain
Sultanpur,2026-08-26,25.8,33.5,29.3,34,81,3.4,1001,96,31.7,Rain
Sultanpur,2026-08-27,25.6,27.2,26.1,27.8,95,2.2,1002,100,43.6,Rain
Sultanpur,2026-08-28,25.4,32.3,27.8,31.4,88,1.9,1001,96,14.7,Rain
Unnao,2026-08-24,28,28,28,33.3,88,2.8,1002,71,2.6,Rain
Unnao,2026-08-25,27.5,32.1,29.3,34.3,77,2.7,1002,85,19.2,Rain
Unnao,2026-08-26,25.4,31.3,27.7,30.7,84,3.1,1002,100,16.7,Rain
Unnao,2026-08-27,25.1,27.2,26.1,27.3,90,2.1,1002,100,12,Clouds
Unnao,2026-08-28,25,31.6,28.3,32.3,81,1.6,1002,97,5,Clouds
Gautam Buddha Nagar,2026-08-24,28.3,35.3,31.3,33.3,82,6.4,1016,29,0,Mist
Gautam Buddha Nagar,2026-08-25,32.7,39.7,35.7,37.7,62,6.9,1000,23,0,Haze
Gautam Buddha Nagar,2026-08-26,31.7,38.7,34.7,36.7,73,4.8,1017,29,0,Clouds
Gautam Buddha Nagar,2026-08-27,32.4,39.4,35.4,37.4,76,7.9,1004,67,0,Mist
Gautam Buddha Nagar,2026-08-28,31.2,38.2,34.2,36.2,77,4,1011,54,0,Clouds
Amroha,2026-08-24,27.4,27.4,27.4,30.4,78,0.7,1002,100,0,Clouds
Amroha,2026-08-25,27.1,34.5,29.9,35.3,75,2,1002,62,0.2,Rain
Amroha,2026-08-26,26,31.5,28.4,32.6,85,2.4,1001,94,2,Clouds
Amroha,2026-08-27,25,33.1,28.2,32,83,3.8,1001,67,0.8,Clouds
Amroha,2026-08-28,24.8,34.5,29.7,34.6,76,2.3,1001,47,1.1,Clouds
Baghpat,2026-08-24,28.5,28.5,28.5,32.3,74,1.4,1002,100,0,Clouds
Baghpat,2026-08-25,28,33.8,30.8,35.1,63,1.9,1002,49,0.7,Clouds
Baghpat,2026-08-26,27.7,35.4,31.1,35.8,65,3.2,1001,72,0.2,Clouds
Baghpat,2026-08-27,26.4,36.2,30.6,35.1,69,3.3,1001,69,0.2,Clouds
Baghpat,2026-08-28,26.6,37.7,32.3,36.8,61,2.4,1001,44,0,Clear
Balrampur,2026-08-24,27.4,27.4,27.4,32,90,3.5,1002,99,0,Clouds
Balrampur,2026-08-25,27.1,32.9,29.8,35.6,78,4.4,1002,83,0.6,Clouds
Balrampur,2026-08-26,25.7,33.3,29.2,33.7,80,4.3,1001,93,12.9,Rain
Balrampur,2026-08-27,25.4,29,26.8,28.8,88,3,1002,100,10.2,Rain
Balrampur,2026-08-28,25.4,32.7,28.9,34,83,1.8,1001,91,19.5,Rain
Mau Nath Bhanjan,2026-08-24,29.9,36.9,32.9,34.9,84,4.5,1002,25,0,Haze
Mau Nath Bhanjan,2026-08-25,31.5,38.5,34.5,36.5,56,4.1,1006,22,0,Clear
Mau Nath Bhanjan,2026-08-26,29.9,36.9,32.9,34.9,80,2.9,1010,46,0,Clear
Mau Nath Bhanjan,2026-08-27,29.7,36.7,32.7,34.7,82,4.1,1012,65,0.6,Rain
Mau Nath Bhanjan,2026-08-28,28.6,35.6,31.6,33.6,69,2.2,1004,44,0,Haze
Amethi,2026-08-24,28.2,28.2,28.2,33,82,2.8,1001,100,0,Clouds
Amethi,2026-08-25,27.8,32.8,29.8,35.7,77,3.9,1001,94,16.6,Rain
Amethi,2026-08-26,25.7,33.3,29.1,33.3,82,3.2,1001,99,45.9,Rain
Amethi,2026-08-27,25.1,26.1,25.6,26.5,95,3.5,1002,100,23.8,Rain
Amethi,2026-08-28,25.1,32.7,28,31.8,86,1.9,1001,95,11.1,Rain
Lucknow,2026-08-29,25.6,34.7,30,34.7,73,2.9,1001,73,5.4,Clouds
Kanpur,2026-08-29,25.8,35,30.1,34.3,68,3.9,1001,74,0.2,Clouds
Varanasi,2026-08-29,25.1,29.9,27.1,30,85,3.7,1002,96,4.5,Rain
Prayagraj,2026-08-29,24.8,31.4,27.6,30.3,82,4.1,1002,98,8.4,Clouds
Agra,2026-08-29,28.2,38.4,33.2,36,49,4.7,1000,71,0,Clear
Ghaziabad,2026-08-29,32,38.9,35.3,37.6,40,3.4,999,59,0,Clouds
Noida,2026-08-29,32.8,40,36.3,37.9,35,3.8,999,60,0,Clouds
Meerut,2026-08-29,28.6,37.1,32.2,36.6,58,2.9,999,50,0,Clouds
Bareilly,2026-08-29,27.3,35.5,30.8,36.5,71,2.5,1000,96,0.5,Clouds
Aligarh,2026-08-29,28.6,37.4,33,35.8,49,3.6,1000,78,0,Clouds
Moradabad,2026-08-29,26.6,34.7,30.5,35.5,73,2.6,1000,83,0.1,Clouds
Jhansi,2026-08-29,25.2,31.5,27.8,30,72,5.7,1003,76,0,Clouds
Gorakhpur,2026-08-29,31,40.9,36,37.2,35,5.1,999,29,0,Clouds
Ayodhya,2026-08-29,25.5,33.1,28.4,32.5,85,1.8,1001,87,25.4,Rain
Mathura,2026-08-29,28.8,38.7,33.8,36.3,45,4.1,1000,79,0,Clouds
Saharanpur,2026-08-29,25.7,35.1,30,34.7,72,2.5,1000,14,0.8,Clear
Muzaffarnagar,2026-08-29,26.7,35.9,30.8,35.8,68,2.6,999,29,0,Clear
Firozabad,2026-08-29,27.7,37.7,32.5,35.5,52,4.8,1000,66,0,Clouds
Rampur,2026-08-29,26.4,34.8,30.2,34.9,75,2.7,1000,89,1.5,Clouds
Bijnor,2026-08-29,26.1,35,30.4,35.6,73,3,1000,51,0.1,Clouds
Etawah,2026-08-29,27.1,36.3,31.3,34.6,58,4.8,1001,86,0,Clouds
Rae Bareli,2026-08-29,24.9,32.7,28.6,32.6,80,3.9,1001,86,4.3,Clouds
Sitapur,2026-08-29,26.3,34.2,29.9,34.6,75,2.9,1000,78,3.9,Clouds
Hardoi,2026-08-29,26.3,36,31,35.8,68,2.6,1000,72,1.1,Clouds
Azamgarh,2026-08-29,25.5,29.6,27.3,30.7,88,2.5,1002,95,15.1,Clouds
Badaun,2026-08-29,27.9,36.8,32,37,61,3.2,1000,87,0,Clouds
Bahraich,2026-08-29,26.1,33,28.7,33.1,83,2.6,1001,81,23.4,Rain
Ballia,2026-08-29,25.9,29.8,27.8,31.5,85,2.4,1002,100,2.2,Clouds
Banda,2026-08-29,24.7,30.6,27.5,30.3,79,5.4,1002,99,5,Clouds
Barabanki,2026-08-29,25.5,34.2,29.6,34.5,76,2.7,1001,88,1.3,Rain
Basti,2026-08-29,25.8,32,28,32.3,87,2,1001,90,25.1,Rain
Bhadohi,2026-08-29,25,30.4,27.1,30.1,86,3.7,1002,96,9.1,Rain
Bulandshahr,2026-08-29,28.6,38,32.8,35.9,50,3.1,999,75,0,Clouds
Chandauli,2026-08-29,25.1,30,27.3,30.6,84,3.7,1002,99,3.5,Rain
Chitrakoot,2026-08-29,24.1,28,25.9,27.8,88,4.5,1003,99,19.5,Clouds
Deoria,2026-08-29,25.8,28.3,26.9,29.1,89,1.6,1001,99,8.5,Clouds
Etah,2026-08-29,28.8,37.1,32.9,36.3,52,3.9,1000,69,0,Clouds
Farrukhabad,2026-08-29,26.4,36.6,31.8,35.8,60,3.4,1000,86,0,Clouds
Fatehpur,2026-08-29,25,32.1,28.2,31.6,78,4.2,1001,93,5.3,Clouds
Ghazipur,2026-08-29,25.6,30.3,27.6,30.9,85,3.3,1002,100,5.2,Clouds
Gonda,2026-08-29,25.6,32,28.4,32.8,85,2,1001,93,25.4,Rain
Hamirpur,2026-08-29,25.4,33.4,29.1,32.6,71,5.1,1001,95,1.5,Clouds
Hapur,2026-08-29,28.4,36.8,32.3,36.3,56,2.8,999,61,0,Clouds
Hathras,2026-08-29,28.2,37.9,33.2,36.1,49,4,1000,70,0,Clouds
Jalaun,2026-08-29,26.6,33.3,29.8,32.8,65,5.2,1001,87,0,Clouds
Jaunpur,2026-08-29,25.2,31.3,27.4,30.7,87,3.3,1002,92,11.5,Rain
Kannauj,2026-08-29,26.2,36.7,31.4,35.4,62,3.5,1000,78,0,Clouds
Kanpur Dehat,2026-08-29,28.3,35.3,31.3,33.3,70,2.3,1012,55,0,Haze
Kasganj,2026-08-29,28.5,37.3,32.7,36.2,53,3.3,1000,70,0,Clouds
Kaushambi,2026-08-29,32.9,40,36.4,38.1,35,3.7,999,58,0,Clouds
Kheri,2026-08-29,26.1,32.3,29.2,33.6,80,2.2,1000,87,16.1,Rain
Kushinagar,2026-08-29,25.8,28.5,26.8,28.8,88,1.4,1001,99,10.7,Rain
Lalitpur,2026-08-29,24,29.9,26.2,27.9,77,6.2,1004,91,0,Clouds
Maharajganj,2026-08-29,25.6,29.7,27.3,30.6,90,2.2,1001,95,15.1,Rain
Mahoba,2026-08-29,24.1,29.3,26.5,28.8,82,5.3,1002,99,8.3,Clouds
Mainpuri,2026-08-29,27.6,37.1,32.3,36,55,4.4,1000,65,0,Clouds
Mau,2026-08-29,25.7,30,27.4,31,87,2.6,1002,98,5.7,Clouds
Mirzapur,2026-08-29,24.9,29.7,27.1,29.8,85,4.1,1002,100,4.3,Rain
Orai,2026-08-29,26.5,33.6,29.5,32.6,66,5.4,1001,87,0,Clouds
Pilibhit,2026-08-29,25.4,34,29,33.1,82,2.2,1000,100,12.3,Rain
Pratapgarh,2026-08-29,21.9,26.9,24.2,24.7,82,6.2,1006,69,0,Clouds
Sant Kabir Nagar,2026-08-29,30.3,37.3,33.3,35.3,69,7.4,1002,19,0,Mist
Shahjahanpur,2026-08-29,26.8,35.3,30.6,36.2,72,2.3,1000,79,0.4,Rain
Shamli,2026-08-29,27.9,37.3,31.5,35.5,60,2.8,999,32,0,Clouds
Shravasti,2026-08-29,28.1,35.1,31.1,33.1,76,4.3,1012,46,4,Rain
Siddharthnagar,2026-08-29,30.9,37.9,33.9,35.9,59,5.4,1012,57,2,Rain
Sonbhadra,2026-08-29,27.1,34.1,30.1,32.1,83,5.4,1009,32,13.2,Rain
Sultanpur,2026-08-29,25.2,31.4,27.7,31.2,87,2.4,1001,86,18.6,Rain
Unnao,2026-08-29,25.7,34.7,30.1,34.5,69,3.7,1001,70,0.6,Clouds
Gautam Buddha Nagar,2026-08-29,28.2,35.2,31.2,33.2,50,3.9,1000,61,0,Haze
Amroha,2026-08-29,26.3,34.6,30.5,35.4,72,2.8,1000,73,0,Clouds
Baghpat,2026-08-29,30.1,38.8,34,37.5,47,3.6,999,50,0,Clouds
Balrampur,2026-08-29,25.8,32.6,28.4,32.6,84,2.1,1001,93,23.1,Rain
Amethi,2026-08-29,25,31.5,28,31.7,84,3.2,1001,87,8.8,Rain
Mau Nath Bhanjan,2026-08-29,31.7,38.7,34.7,36.7,55,4.8,1006,58,0,Clear
Lucknow,2026-08-30,27.2,32,28.9,32.9,73,4.2,1001,93,0,Clouds
Kanpur,2026-08-30,26.5,29.9,28,31.1,76,4.6,1001,97,0.2,Clouds
Varanasi,2026-08-30,25.1,31.7,27.7,30.8,82,4.3,1002,95,1.3,Clouds
Prayagraj,2026-08-30,25.2,30,27.5,30.8,81,4.2,1002,97,3.9,Clouds
Agra,2026-08-30,29.2,36.8,32.5,35.3,51,5.6,1000,98,0,Clouds
Ghaziabad,2026-08-30,32.1,39.2,35,37,39,4.1,999,88,0,Clouds
Noida,2026-08-30,32.7,39.9,35.8,37.6,37,4.8,999,88,0,Clouds
Meerut,2026-08-30,30,36.9,32.5,36.4,54,2.9,999,86,0,Clouds
Bareilly,2026-08-30,27.9,35.5,31,36.6,68,2.2,999,99,0,Clouds
Aligarh,2026-08-30,29.2,36.3,32.5,35.4,50,4.5,1000,96,0,Clouds
Moradabad,2026-08-30,27.6,35,31.1,36.5,69,2.7,999,89,0,Clouds
Jhansi,2026-08-30,24.8,30.1,27.3,29.8,75,5.6,1003,93,0.5,Clouds
Gorakhpur,2026-08-30,30.6,40.7,35.5,36.7,35,5.4,999,9,0,Clear
Ayodhya,2026-08-30,25.7,31.8,28.3,32.1,81,3.9,1001,95,4.1,Clouds
Mathura,2026-08-30,29.3,37,32.7,35.4,49,4.8,1000,88,0,Clouds
Saharanpur,2026-08-30,26.6,35.8,30.6,34.7,66,2.5,999,36,0,Clouds
Muzaffarnagar,2026-08-30,27.1,36.3,31,34.9,62,2.5,999,82,0,Clouds
Firozabad,2026-08-30,28.8,36,31.8,34.9,55,5.5,1000,100,0,Clouds
Rampur,2026-08-30,27.3,35,30.6,36.3,72,2.8,999,92,0,Clouds
Bijnor,2026-08-30,26.6,35.2,30.8,35.6,70,2.7,999,89,0,Clouds
Etawah,2026-08-30,27,33.3,29.3,32.6,66,5.2,1001,100,0,Clouds
Rae Bareli,2026-08-30,25.6,30.4,27.5,30.4,80,4.5,1001,95,0.8,Clouds
Sitapur,2026-08-30,26.8,34,29.4,33.8,74,3.8,1000,99,0,Clouds
Hardoi,2026-08-30,27.3,32.8,29.3,33.3,71,4,1000,97,0,Clouds
Azamgarh,2026-08-30,25.6,30.9,28.1,31.8,81,4,1001,98,1.4,Clouds
Badaun,2026-08-30,29.6,35.8,32,35.6,56,3.7,999,98,0,Clouds
Bahraich,2026-08-30,27,33.3,29.4,34.6,77,2.7,1000,98,4.4,Clouds
Ballia,2026-08-30,25.3,32.5,28.7,32.8,79,3.8,1001,100,4,Rain
Banda,2026-08-30,25.3,32,28.7,32.2,73,5.3,1002,98,2,Clouds
Barabanki,2026-08-30,26.8,32.8,28.8,32.9,75,4,1001,94,0,Clouds
Basti,2026-08-30,25.4,31.2,27.8,31.6,84,3.6,1001,95,3,Clouds
Bhadohi,2026-08-30,25.1,30.8,27.4,29.8,83,4.6,1002,99,3.1,Clouds
Bulandshahr,2026-08-30,29.3,37.3,32.4,35.3,51,3.6,999,92,0,Clouds
Chandauli,2026-08-30,25.2,31.1,27.9,31.1,81,4.4,1002,94,2.7,Clouds
Chitrakoot,2026-08-30,25.3,30.5,27.5,30.3,80,4.3,1002,100,1.9,Clouds
Deoria,2026-08-30,25.4,31.8,28.3,32.5,82,3.2,1001,100,5.5,Clouds
Etah,2026-08-30,28.9,36.8,32.2,35.3,53,5,1000,92,0,Clouds
Farrukhabad,2026-08-30,27.5,32.2,29.6,33.3,67,5,1000,92,0,Clouds
Fatehpur,2026-08-30,25.9,30.1,27.5,30.2,79,4.2,1001,99,0.2,Clouds
Ghazipur,2026-08-30,25.4,31.7,28.4,32.1,79,4.3,1001,99,2.6,Clouds
Gonda,2026-08-30,26.2,32.8,28.8,33.2,80,3.1,1001,95,2,Clouds
Hamirpur,2026-08-30,26.1,31.3,28.7,32.2,73,5.3,1001,96,0.4,Clouds
Hapur,2026-08-30,29.4,36.7,32.2,35.7,54,2.8,999,93,0,Clouds
Hathras,2026-08-30,29.4,36.5,32.4,35.3,51,4.4,1000,89,0,Clouds
Jalaun,2026-08-30,26.6,30.1,28.3,31.3,72,5.2,1001,96,0,Clouds
Jaunpur,2026-08-30,25.3,30,27.4,30.1,84,4.4,1002,99,2.3,Clouds
Kannauj,2026-08-30,27.2,31.7,29,32.7,71,4.9,1000,96,0.4,Clouds
Kanpur Dehat,2026-08-30,29.8,36.8,32.8,34.8,67,5.4,1006,42,0,Clear
Kasganj,2026-08-30,29.2,36.6,32.4,35.4,52,4.8,1000,95,0,Clouds
Kaushambi,2026-08-30,32.8,40,36,37.8,36,4.7,999,87,0,Clouds
Kheri,2026-08-30,27,34.1,29.7,34.8,75,2.4,1000,93,2.6,Rain
Kushinagar,2026-08-30,25.4,31.6,28.4,32.7,82,3,1001,100,3.2,Rain
Lalitpur,2026-08-30,23.8,31,27.1,29.2,73,6.1,1004,99,0,Clouds
Maharajganj,2026-08-30,25,31.9,28.2,32.7,86,2.4,1001,89,9.1,Rain
Mahoba,2026-08-30,24.8,31.9,28,31,73,5.5,1003,98,0.5,Clouds
Mainpuri,2026-08-30,27.4,32.9,29.8,33.3,65,5,1000,99,0,Clouds
Mau,2026-08-30,25.4,31.5,28.3,32.1,81,3.9,1001,100,1.8,Clouds
Mirzapur,2026-08-30,25.2,31.2,27.2,29.7,84,4.9,1002,98,4.8,Clouds
Orai,2026-08-30,26.2,31.8,28.7,31.8,71,5.3,1001,91,0.3,Clouds
Pilibhit,2026-08-30,25.9,31.5,28.3,33.1,86,2.6,1000,100,4,Rain
Pratapgarh,2026-08-30,21.7,28,24,24.7,81,6.5,1006,78,0,Clouds
Sant Kabir Nagar,2026-08-30,31.7,38.7,34.7,36.7,80,4.1,1006,65,0,Mist
Shahjahanpur,2026-08-30,27.8,35.4,30.5,35.2,67,3.5,1000,93,0,Clouds
Shamli,2026-08-30,28.8,37.6,31.8,35.2,55,2.8,999,96,0,Clouds
Shravasti,2026-08-30,32.7,39.7,35.7,37.7,77,6.3,1001,53,0,Mist
Siddharthnagar,2026-08-30,31.4,38.4,34.4,36.4,74,6,1014,3,0,Clear
Sonbhadra,2026-08-30,33,40,36,38,70,7.3,1001,63,0,Mist
Sultanpur,2026-08-30,25.3,29.9,27.3,29.9,82,4.2,1001,95,0.7,Clouds
Unnao,2026-08-30,26.7,30.3,28.3,32,75,4.6,1001,95,0.1,Clouds
Gautam Buddha Nagar,2026-08-30,28.1,35.1,31.1,33.1,62,3.3,1017,9,0,Mist
Amroha,2026-08-30,27.8,35,31.5,36.2,63,2.5,999,90,0,Clouds
Baghpat,2026-08-30,30.6,38.6,33.7,36.2,45,4,999,89,0,Clouds
Balrampur,2026-08-30,25.8,32.1,28.9,33.3,81,2.6,1000,99,19.3,Clouds
Amethi,2026-08-30,25.2,29.8,27.4,30,81,4.3,1001,97,1.4,Clouds
Mau Nath Bhanjan,2026-08-30,32.9,39.9,35.9,37.9,54,5.9,1003,59,0,Clear
Lucknow,2026-08-31,28.7,35.7,31.7,33.7,60,7.7,1004,28,0,Clear
Kanpur,2026-08-31,33.6,40.6,36.6,38.6,81,3.4,1017,23,0,Haze
Varanasi,2026-08-31,30.8,37.8,33.8,35.8,75,5.6,1007,48,4.3,Rain
Prayagraj,2026-08-31,30.4,37.4,33.4,35.4,82,3.2,1017,38,0,Haze
Agra,2026-08-31,34.9,41.9,37.9,39.9,56,6.8,1000,44,0.2,Rain
Ghaziabad,2026-08-31,29.2,36.2,32.2,34.2,76,6.8,1002,13,2.4,Rain
Noida,2026-08-31,29.6,36.6,32.6,34.6,76,2.3,1005,16,0,Haze
Meerut,2026-08-31,27.7,34.7,30.7,32.7,51,7.5,1002,7,0,Mist
Bareilly,2026-08-31,33.2,40.2,36.2,38.2,56,7.1,1006,63,0,Clouds
Aligarh,2026-08-31,33.9,40.9,36.9,38.9,75,2.8,1008,37,0,Mist
Moradabad,2026-08-31,30.6,37.6,33.6,35.6,76,3.1,1017,48,0,Clear
Jhansi,2026-08-31,36.2,43.2,39.2,41.2,63,5.4,1009,9,0,Clear
Gorakhpur,2026-08-31,32.9,39.9,35.9,37.9,53,4.3,1010,3,0,Clouds
Ayodhya,2026-08-31,33.7,40.7,36.7,38.7,53,4,1003,40,0,Mist
Mathura,2026-08-31,34.9,41.9,37.9,39.9,73,4.2,1002,16,0,Haze
Saharanpur,2026-08-31,29.7,36.7,32.7,34.7,60,5.8,1013,11,0,Clouds
Muzaffarnagar,2026-08-31,27.5,34.5,30.5,32.5,53,7.9,1014,68,10.2,Rain
Firozabad,2026-08-31,35.5,42.5,38.5,40.5,82,3.2,1015,24,0,Clouds
Rampur,2026-08-31,31.9,38.9,34.9,36.9,63,3.2,1000,28,3.9,Rain
Bijnor,2026-08-31,28.7,35.7,31.7,33.7,72,3.4,1012,49,0,Mist
Etawah,2026-08-31,33.1,40.1,36.1,38.1,77,6.1,1007,68,0,Haze
Rae Bareli,2026-08-31,31.1,38.1,34.1,36.1,52,7.5,1013,59,0,Mist
Sitapur,2026-08-31,30,37,33,35,59,5.8,1013,7,0,Haze
Hardoi,2026-08-31,30.7,37.7,33.7,35.7,57,5.6,1002,66,7.9,Rain
Azamgarh,2026-08-31,31.9,38.9,34.9,36.9,83,3.3,1012,33,0,Clouds
Badaun,2026-08-31,31.8,38.8,34.8,36.8,65,7.4,1007,61,0,Haze
Bahraich,2026-08-31,27.4,34.4,30.4,32.4,76,2.2,1017,23,0.3,Rain
Ballia,2026-08-31,32.8,39.8,35.8,37.8,62,7.8,1014,35,0,Clear
Banda,2026-08-31,29.5,36.5,32.5,34.5,58,3.7,1009,26,0,Mist
Barabanki,2026-08-31,30.6,37.6,33.6,35.6,66,6.5,1016,21,0,Clear
Basti,2026-08-31,27.8,34.8,30.8,32.8,79,6.8,1011,9,0,Clouds
Bhadohi,2026-08-31,31.3,38.3,34.3,36.3,83,4.5,1000,22,0,Clear
Bulandshahr,2026-08-31,29.4,36.4,32.4,34.4,54,2.5,1001,16,0,Haze
Chandauli,2026-08-31,29.5,36.5,32.5,34.5,54,3.8,1014,62,9.6,Rain
Chitrakoot,2026-08-31,29.2,36.2,32.2,34.2,65,6.4,1006,40,0,Clouds
Deoria,2026-08-31,32,39,35,37,57,6.1,1003,65,0,Clear
Etah,2026-08-31,31.3,38.3,34.3,36.3,75,7.8,1005,15,0,Clouds
Farrukhabad,2026-08-31,30.3,37.3,33.3,35.3,71,6.6,1009,64,1,Rain
Fatehpur,2026-08-31,28.5,35.5,31.5,33.5,78,2.8,1008,22,0,Clear
Ghazipur,2026-08-31,29.4,36.4,32.4,34.4,54,5.3,1017,54,0,Mist
Gonda,2026-08-31,30.9,37.9,33.9,35.9,69,2.8,1010,61,0,Haze
Hamirpur,2026-08-31,27.8,34.8,30.8,32.8,73,2.2,1016,18,0,Clear
Hapur,2026-08-31,29.4,36.4,32.4,34.4,65,3.5,1011,43,3,Rain
Hathras,2026-08-31,30.2,37.2,33.2,35.2,76,6.2,1015,64,0,Clouds
Jalaun,2026-08-31,29.4,36.4,32.4,34.4,71,3.5,1015,4,0,Clear
Jaunpur,2026-08-31,32.8,39.8,35.8,37.8,60,7.2,1010,48,0,Mist
Kannauj,2026-08-31,29,36,32,34,60,4.7,1008,57,0,Clear
Kanpur Dehat,2026-08-31,32.6,39.6,35.6,37.6,72,4.3,1005,44,0,Mist
Kasganj,2026-08-31,31.2,38.2,34.2,36.2,68,4.1,1012,65,0,Haze
Kaushambi,2026-08-31,32,39,35,37,62,7.7,1007,54,0,Haze
Kheri,2026-08-31,28.6,35.6,31.6,33.6,51,4,1006,40,0,Clouds
Kushinagar,2026-08-31,27.6,34.6,30.6,32.6,80,2.7,1004,4,1,Rain
Lalitpur,2026-08-31,28,35,31,33,59,4.1,1006,37,0,Clouds
Maharajganj,2026-08-31,27.3,34.3,30.3,32.3,73,4,1012,14,0,Clear
Mahoba,2026-08-31,27.2,34.2,30.2,32.2,55,6.6,1006,3,0,Clouds
Mainpuri,2026-08-31,29.6,36.6,32.6,34.6,74,7.9,1016,19,0,Haze
Mau,2026-08-31,31.7,38.7,34.7,36.7,73,7,1013,10,0,Haze
Mirzapur,2026-08-31,29,36,32,34,69,4.8,1017,14,3.5,Rain
Orai,2026-08-31,27.9,34.9,30.9,32.9,72,4.8,1008,69,6,Rain
Pilibhit,2026-08-31,27.3,34.3,30.3,32.3,70,4.4,1016,48,0,Mist
Pratapgarh,2026-08-31,30.2,37.2,33.2,35.2,66,7.1,1000,32,12.6,Rain
Sant Kabir Nagar,2026-08-31,31.7,38.7,34.7,36.7,83,5.2,1005,61,0,Mist
Shahjahanpur,2026-08-31,27.3,34.3,30.3,32.3,58,3.1,1001,3,0,Clouds
Shamli,2026-08-31,29.3,36.3,32.3,34.3,62,4.1,1006,41,11.4,Rain
Shravasti,2026-08-31,32,39,35,37,51,2.9,1007,53,0,Mist
Siddharthnagar,2026-08-31,31.7,38.7,34.7,36.7,77,2.1,1013,25,0,Clear
Sonbhadra,2026-08-31,27.2,34.2,30.2,32.2,56,6.3,1015,12,4.9,Rain
Sultanpur,2026-08-31,28.2,35.2,31.2,33.2,51,2.9,1006,33,8.6,Rain
Unnao,2026-08-31,31,38,34,36,82,2.6,1003,60,0,Clouds
Gautam Buddha Nagar,2026-08-31,29.6,36.6,32.6,34.6,84,4.8,1007,23,14.6,Rain
Amroha,2026-08-31,33,40,36,38,73,6,1001,63,0,Mist
Baghpat,2026-08-31,31.2,38.2,34.2,36.2,66,7.6,1012,60,0,Clouds
Balrampur,2026-08-31,29.3,36.3,32.3,34.3,76,7.6,1016,17,0,Clear
Amethi,2026-08-31,28.7,35.7,31.7,33.7,84,2.8,1010,27,0,Clouds
Mau Nath Bhanjan,2026-08-31,31.8,38.8,34.8,36.8,54,5.1,1014,32,10,Rain
Lucknow,2026-09-01,24.9,26.2,25.6,26.4,92,2.2,1004,100,7.6,Rain
Lucknow,2026-09-02,24.1,25,24.5,25.5,96,4.4,1004,100,26.5,Rain
Kanpur,2026-09-01,24.6,29.6,26.5,28,84,2.9,1003,100,3.1,Rain
Kanpur,2026-09-02,24.3,25,24.7,25.7,96,3.9,1004,100,23.9,Rain
Varanasi,2026-09-01,24.7,25.8,25.1,26.2,96,2.6,1003,100,39.4,Rain
Varanasi,2026-09-02,23.8,25.5,24.7,25.7,96,1.7,1003,100,33.5,Rain
Prayagraj,2026-09-01,25.2,25.9,25.5,26.5,90,1.8,1004,100,10.1,Rain
Prayagraj,2026-09-02,24.4,25.8,25.1,26.1,94,2,1003,100,6.1,Rain
Agra,2026-09-01,28.9,36.5,32,34.6,52,3,1003,100,1,Clouds
Agra,2026-09-02,26.3,33.5,29.4,32.5,69,3.1,1004,98,2.1,Rain
Ghaziabad,2026-09-01,26.4,38.3,31.9,34.3,56,3.8,1002,62,1.5,Clouds
Ghaziabad,2026-09-02,26.2,34,29.3,32.6,72,3.8,1005,41,1.6,Rain
Noida,2026-09-01,27.4,39.5,33.3,35.9,50,3.8,1002,62,0.6,Clouds
Noida,2026-09-02,27,34.6,30.4,34.4,66,3.7,1004,37,1.7,Clouds
Meerut,2026-09-01,25.1,35.9,29.8,32.7,70,3.5,1003,63,3.6,Clouds
Meerut,2026-09-02,24.6,31,27.5,30.3,81,3.9,1005,56,1.1,Rain
Bareilly,2026-09-01,24.6,31,26.8,29.6,88,3.7,1004,98,10.7,Rain
Bareilly,2026-09-02,24.1,28,25.5,26.5,88,3.9,1006,89,1.9,Clouds
Aligarh,2026-09-01,26.1,36.2,30.5,32.7,62,3.7,1003,98,0.9,Clouds
Aligarh,2026-09-02,25.3,32.2,28.2,31.2,78,3.8,1005,64,1.7,Clouds
Moradabad,2026-09-01,24.5,32.7,27.3,30.6,86,4.1,1003,69,5.7,Rain
Moradabad,2026-09-02,23.9,29,25.9,28.1,88,4,1006,73,4.9,Rain
Jhansi,2026-09-01,24.6,29.9,27.1,29.2,72,4.6,1004,96,0.5,Clouds
Jhansi,2026-09-02,24.3,31.2,26.8,28.8,79,4,1004,99,13.6,Rain
Gorakhpur,2026-09-01,29.9,39.1,34,35.8,42,3.7,1001,40,0.3,Clear
Gorakhpur,2026-09-02,28.3,39.2,32.9,35.7,51,2.7,1003,36,0.7,Clouds
Ayodhya,2026-09-01,24.3,25.6,25.1,26.2,97,3.4,1004,100,46.2,Rain
Ayodhya,2026-09-02,24.1,25.7,24.7,25.7,97,5.3,1004,100,71,Rain
Mathura,2026-09-01,28.5,36.8,32,34.6,53,3.2,1003,99,0,Clouds
Mathura,2026-09-02,25.9,34.2,29.3,32.5,70,3.3,1004,79,2.6,Rain
Saharanpur,2026-09-01,23.5,34.1,27.8,30.9,80,3.5,1003,34,11,Clear
Saharanpur,2026-09-02,23,29.7,26.1,28.6,87,4.1,1005,44,13.9,Rain
Muzaffarnagar,2026-09-01,24.1,35,28.4,31.3,78,3.4,1003,47,9.4,Clear
Muzaffarnagar,2026-09-02,23.4,30.3,26.5,29.1,87,4,1005,55,6.6,Rain
Firozabad,2026-09-01,26.4,36.1,30.9,33,61,4,1003,98,1.8,Clouds
Firozabad,2026-09-02,25.3,31.4,28,31,79,3.4,1004,100,5.1,Rain
Rampur,2026-09-01,24.4,30.9,26.8,30,88,4.2,1004,78,8.4,Rain
Rampur,2026-09-02,23.7,28.8,25.5,27.3,89,3.6,1006,71,3,Rain
Bijnor,2026-09-01,23.9,34.4,27.6,30.6,83,3.8,1003,41,9.1,Rain
Bijnor,2026-09-02,23.2,29.8,26,28.3,88,4.2,1005,75,9.2,Rain
Etawah,2026-09-01,26.2,36.2,30,32.4,66,4.3,1003,98,4,Clouds
Etawah,2026-09-02,24.7,30.5,27.1,29.6,83,3.4,1004,99,7,Clouds
Rae Bareli,2026-09-01,24.8,26.6,25.6,26.2,90,2,1004,100,7.2,Clouds
Rae Bareli,2026-09-02,24.6,26.6,25.1,26,96,4.7,1003,100,37.5,Rain
Sitapur,2026-09-01,24.2,26.2,25.1,26,95,4,1004,100,8.1,Rain
Sitapur,2026-09-02,23.7,25.2,24.3,25.2,95,4.2,1005,100,14.2,Clouds
Hardoi,2026-09-01,25,30,26.8,28.6,87,4.2,1004,99,0.4,Clouds
Hardoi,2026-09-02,24,25.9,24.8,25.7,93,4,1005,100,2.7,Rain
Azamgarh,2026-09-01,25.1,25.8,25.6,26.7,96,2.5,1003,100,65.2,Rain
Azamgarh,2026-09-02,24.6,26.1,25.3,26.3,95,4.8,1004,100,29.6,Rain
Badaun,2026-09-01,25.1,34,28.5,32.2,80,3.4,1003,98,5.7,Rain
Badaun,2026-09-02,24.4,27.9,26.1,28.3,86,4.2,1005,96,1,Rain
Bahraich,2026-09-01,24,25.1,24.6,25.7,97,4.6,1004,100,113.7,Rain
Bahraich,2026-09-02,24.1,24.7,24.3,25.2,95,4.6,1005,100,23.3,Rain
Ballia,2026-09-01,25.8,30.1,27.5,31,86,3.6,1003,100,47.9,Rain
Ballia,2026-09-02,25.3,27.4,26.3,27.4,90,4.7,1004,100,33.5,Rain
Banda,2026-09-01,25.6,28.6,26.7,28.3,82,3.4,1004,100,4.4,Clouds
Banda,2026-09-02,25,27.3,25.5,26.8,93,3.6,1003,100,11.7,Rain
Barabanki,2026-09-01,24.7,26.1,25.4,26.2,95,2.2,1004,100,15.1,Rain
Barabanki,2026-09-02,23.9,25.1,24.4,25.5,96,4.9,1004,100,23.2,Rain
Basti,2026-09-01,24.3,25.5,25.1,26.2,97,3.9,1004,100,78.1,Rain
Basti,2026-09-02,24.5,26.1,25,25.9,95,5.2,1004,100,28.6,Rain
Bhadohi,2026-09-01,24.5,26.8,25.3,26.6,94,2.6,1004,100,28.2,Rain
Bhadohi,2026-09-02,24,24.8,24.4,25.4,97,1.8,1003,100,48.3,Rain
Bulandshahr,2026-09-01,25.5,36.4,30.3,33,64,3.5,1003,64,0.8,Clouds
Bulandshahr,2026-09-02,25.1,31.7,28.1,31.3,78,3.7,1005,55,0.8,Rain
Chandauli,2026-09-01,24.9,25.8,25.3,26.4,97,2.7,1003,100,38.5,Rain
Chandauli,2026-09-02,23.4,25.9,24.9,25.9,95,1.7,1003,100,33.8,Rain
Chitrakoot,2026-09-01,25,25.6,25.3,26.2,88,2.7,1004,100,4.5,Clouds
Chitrakoot,2026-09-02,24.7,25.9,25,26.1,94,2.7,1003,100,5.3,Rain
Deoria,2026-09-01,25.3,29.7,26.8,29.3,90,4.5,1004,100,43.5,Rain
Deoria,2026-09-02,24.6,26.6,25.6,26.3,92,4.9,1004,100,16.2,Rain
Etah,2026-09-01,26.1,35.9,29.8,32.1,66,4.3,1003,100,1,Rain
Etah,2026-09-02,24.9,30.6,27.4,29.9,80,3.8,1005,95,1.5,Clouds
Farrukhabad,2026-09-01,25.7,33.8,28.8,31.9,75,4,1003,99,3.5,Rain
Farrukhabad,2026-09-02,24.4,26.8,25.4,26.5,90,3.9,1005,100,2.6,Clouds
Fatehpur,2026-09-01,24.3,26.6,25.6,26.2,87,2.6,1003,100,4.4,Clouds
Fatehpur,2026-09-02,24.4,25.6,24.9,26,96,3.5,1003,100,21.2,Rain
Ghazipur,2026-09-01,25.5,25.9,25.7,26.8,95,2.6,1003,100,40.4,Rain
Ghazipur,2026-09-02,24.2,26.2,25.4,26.4,95,3.4,1003,100,95,Rain
Gonda,2026-09-01,24.3,25.2,24.9,25.9,97,4.3,1004,100,61.2,Rain
Gonda,2026-09-02,23.9,25.1,24.4,25.4,96,5.2,1004,100,45.8,Rain
Hamirpur,2026-09-01,25,31.4,27.5,29.6,78,3.1,1003,100,6.2,Clouds
Hamirpur,2026-09-02,24.5,25.9,25.2,26.2,94,4,1003,100,19.3,Rain
Hapur,2026-09-01,24.8,35.3,29.6,32.7,71,3.5,1003,64,2.4,Clouds
Hapur,2026-09-02,24.4,31.2,27.5,30.4,82,3.7,1005,54,0.6,Rain
Hathras,2026-09-01,26.7,36.2,30.8,33.6,61,3.6,1003,100,0.4,Clouds
Hathras,2026-09-02,25.4,32.8,28.3,31.3,77,3.7,1004,69,2.1,Rain
Jalaun,2026-09-01,26.1,35.3,29.6,32.6,66,3.8,1003,99,1.2,Clouds
Jalaun,2026-09-02,24.9,29.5,26.5,28.2,85,3.2,1004,100,5.2,Rain
Jaunpur,2026-09-01,24.9,26.5,25.4,26.2,96,2.3,1003,100,48.3,Rain
Jaunpur,2026-09-02,24.6,25.9,25.1,26.2,97,3,1003,100,123,Rain
Kannauj,2026-09-01,25.7,32.2,28.1,30.9,78,3.7,1003,99,5.2,Rain
Kannauj,2026-09-02,24.2,25.9,25,26,93,3.7,1005,100,4.3,Rain
Kanpur Dehat,2026-09-01,30.8,37.8,33.8,35.8,51,5.9,1011,20,0,Haze
Kanpur Dehat,2026-09-02,27.7,34.7,30.7,32.7,72,7.9,1012,22,0,Clouds
Kasganj,2026-09-01,25.9,35.9,29.8,32.2,67,4,1003,100,0.7,Rain
Kasganj,2026-09-02,24.9,29.9,27.3,29.8,80,3.8,1005,87,0.3,Clouds
Kaushambi,2026-09-01,27.5,39.4,33.3,35.9,50,3.9,1002,64,1,Clouds
Kaushambi,2026-09-02,27.2,34.8,30.5,34.5,66,3.8,1004,33,1.3,Rain
Kheri,2026-09-01,24.2,26.3,25.1,25.8,95,4.2,1004,100,11.1,Rain
Kheri,2026-09-02,23.8,24.8,24.2,25.1,95,3.9,1006,100,34.1,Rain
Kushinagar,2026-09-01,25,29.5,26.5,28.5,91,4.5,1004,100,38.2,Rain
Kushinagar,2026-09-02,24.5,27.9,25.7,26.8,91,4.8,1005,100,10.2,Rain
Lalitpur,2026-09-01,24.2,31,26.8,28.4,70,5.6,1005,98,0,Clouds
Lalitpur,2026-09-02,23.7,30.2,26.5,28,75,4.8,1005,95,7.1,Rain
Maharajganj,2026-09-01,24.6,27.4,25.5,26.8,93,4.4,1004,100,27.8,Rain
Maharajganj,2026-09-02,24,25.7,24.8,25.8,93,4.7,1005,100,4.8,Clouds
Mahoba,2026-09-01,24.5,30,26.7,28.5,78,4.2,1004,100,1.5,Clouds
Mahoba,2026-09-02,24.3,25.6,24.9,25.8,90,4,1004,100,6.4,Rain
Mainpuri,2026-09-01,26,36.1,29.7,31.8,68,4.7,1003,99,2.3,Rain
Mainpuri,2026-09-02,24.8,30.3,26.8,29.3,84,3.9,1005,99,5.3,Rain
Mau,2026-09-01,25.5,26.9,26.1,27.5,94,2.3,1003,100,54.6,Rain
Mau,2026-09-02,25,26.8,25.6,26.9,94,4.3,1004,100,42.1,Rain
Mirzapur,2026-09-01,24.3,25.4,24.9,25.9,95,2.9,1004,100,21.8,Rain
Mirzapur,2026-09-02,23.9,25.2,24.4,25.4,95,1.6,1003,100,37.9,Rain
Orai,2026-09-01,26.3,34.5,29.2,31.9,69,3.6,1003,100,1.5,Clouds
Orai,2026-09-02,24.9,27.3,25.9,27.3,89,3.2,1004,100,6.8,Rain
Pilibhit,2026-09-01,24.4,29.6,25.9,28.5,92,3.8,1004,99,15.3,Rain
Pilibhit,2026-09-02,23.5,26.6,25,25.6,91,3.2,1006,91,2.2,Rain
Pratapgarh,2026-09-01,21.8,26.5,23.9,24.3,78,4.9,1007,93,0,Clouds
Pratapgarh,2026-09-02,21.2,27.3,24.4,25.1,78,4.3,1007,93,0.1,Clouds
Sant Kabir Nagar,2026-09-01,29.7,36.7,32.7,34.7,52,4.9,1012,50,2.8,Rain
Sant Kabir Nagar,2026-09-02,32.3,39.3,35.3,37.3,72,4.5,1017,50,11.1,Rain
Shahjahanpur,2026-09-01,24.4,30.9,26.6,29.1,89,4.4,1004,98,9.4,Rain
Shahjahanpur,2026-09-02,24.1,25.8,24.8,25.7,92,3.6,1005,100,4.9,Rain
Shamli,2026-09-01,24.1,36.6,29.5,32.1,70,3.6,1002,53,7.8,Clouds
Shamli,2026-09-02,23.7,31.9,27.2,30.3,84,4,1005,45,6.4,Rain
Shravasti,2026-09-01,30.1,37.1,33.1,35.1,76,3.2,1013,41,1.5,Rain
Shravasti,2026-09-02,30.7,37.7,33.7,35.7,59,6,1004,62,6.2,Rain
Siddharthnagar,2026-09-01,32.8,39.8,35.8,37.8,56,5.4,1004,27,3,Rain
Siddharthnagar,2026-09-02,32.5,39.5,35.5,37.5,76,6.8,1000,13,12.2,Rain
Sonbhadra,2026-09-01,27.5,34.5,30.5,32.5,50,6.2,1012,67,0,Clouds
Sonbhadra,2026-09-02,31.1,38.1,34.1,36.1,80,3.6,1010,62,0,Clouds
Sultanpur,2026-09-01,24.8,26.5,25.3,26.2,96,1.8,1003,100,33.6,Rain
Sultanpur,2026-09-02,24.6,26,25,25.9,97,5,1003,100,73.6,Rain
Unnao,2026-09-01,24.7,28.3,26.1,27.7,87,2.7,1003,100,2.4,Rain
Unnao,2026-09-02,24.2,24.8,24.6,25.7,96,4.1,1004,100,27.5,Rain
Gautam Buddha Nagar,2026-09-01,29.7,36.7,32.7,34.7,78,5.9,1011,60,0,Clouds
Gautam Buddha Nagar,2026-09-02,31.3,38.3,34.3,36.3,81,6.4,1003,12,0,Clouds
Amroha,2026-09-01,24.2,34.5,27.8,30.9,82,3.7,1003,47,4.4,Rain
Amroha,2026-09-02,23.7,30,25.8,28.1,89,3.9,1006,81,8.4,Rain
Baghpat,2026-09-01,25.6,37.5,31.1,33.5,60,4.1,1002,63,2.4,Clouds
Baghpat,2026-09-02,25.2,34.7,28.9,32.4,76,4.1,1004,23,3.4,Clouds
Balrampur,2026-09-01,24,25.3,24.8,25.8,96,4.5,1004,100,34.3,Rain
Balrampur,2026-09-02,23.8,24.6,24.3,25.3,95,4.8,1005,100,37.9,Rain
Amethi,2026-09-01,24.9,26.3,25.6,26.2,92,1.9,1003,100,16.1,Rain
Amethi,2026-09-02,24.5,25.6,24.9,26,97,5.2,1003,100,61.1,Rain
Mau Nath Bhanjan,2026-09-01,28.4,35.4,31.4,33.4,74,4.6,1010,24,0,Mist
Mau Nath Bhanjan,2026-09-02,28.7,35.7,31.7,33.7,50,7.5,1000,5,10.2,Rain
Lucknow,2026-09-03,24.8,28.5,26,27.3,93,3.5,1004,98,13.1,Rain
Kanpur,2026-09-03,24.6,27.1,26,27.5,92,2,1003,100,3.7,Rain
Varanasi,2026-09-03,24.4,28.8,26.1,28.2,90,1.5,1004,99,14.6,Rain
Prayagraj,2026-09-03,24.5,26.6,25.4,26.2,91,2,1004,100,1.5,Clouds
Agra,2026-09-03,26.2,35.3,30.3,34.5,69,3,1003,92,1.7,Clouds
Ghaziabad,2026-09-03,25.8,36.7,31.1,35.4,66,3,1003,28,5.5,Clouds
Noida,2026-09-03,26.8,38.5,32.4,36.8,59,2.9,1003,34,4.1,Rain
Meerut,2026-09-03,24.8,33.7,28.8,32.8,77,2.6,1003,29,5.5,Rain
Bareilly,2026-09-03,24.2,30.7,26.9,29.2,86,3.2,1004,83,4,Rain
Aligarh,2026-09-03,25.3,34.4,29.6,33.7,73,3,1003,53,2.7,Clouds
Moradabad,2026-09-03,23.8,31.5,27.2,30.3,86,3.4,1004,69,17.2,Rain
Jhansi,2026-09-03,23.6,31.8,26.7,28.7,79,3.9,1004,100,8.4,Rain
Gorakhpur,2026-09-03,27.7,39.3,33.5,36.1,49,2.7,1002,32,0,Clouds
Ayodhya,2026-09-03,24.4,27,25.3,26.6,95,3.7,1004,96,18.3,Rain
Mathura,2026-09-03,26.1,35.8,30.7,34.7,67,2.8,1003,55,3.4,Clouds
Saharanpur,2026-09-03,23.1,28.8,26,28,88,2.9,1004,41,11.5,Clouds
Muzaffarnagar,2026-09-03,24,32.4,27.2,30.1,85,2.7,1004,56,5.6,Rain
Firozabad,2026-09-03,25,33.6,29,32.6,76,3,1003,82,3.9,Rain
Rampur,2026-09-03,23.9,30.9,26.9,29.7,87,3.6,1004,68,13.9,Rain
Bijnor,2026-09-03,23.7,31.4,27,29.4,86,3.3,1004,53,17,Rain
Etawah,2026-09-03,24.6,31.6,28,31.1,82,2.4,1003,98,9.5,Rain
Rae Bareli,2026-09-03,25,28,26.1,27.8,93,1.5,1004,100,25.1,Rain
Sitapur,2026-09-03,24.3,28.2,25.9,28.1,91,3.9,1004,97,5.5,Clouds
Hardoi,2026-09-03,24.9,29,26.3,28.7,90,3.6,1004,93,3.9,Rain
Azamgarh,2026-09-03,24.9,27.6,25.9,28.1,94,2.7,1004,97,35.8,Rain
Badaun,2026-09-03,24.6,31.9,27.8,31,82,3.3,1004,92,3.1,Rain
Bahraich,2026-09-03,24.6,28.6,26,28.2,90,4.5,1004,86,7,Rain
Ballia,2026-09-03,25.1,26.5,25.8,26.5,93,3.1,1004,100,15.6,Rain
Banda,2026-09-03,24.4,28.5,26.3,28.2,85,3,1004,100,5.9,Clouds
Barabanki,2026-09-03,24.3,27.1,25.4,27.1,95,3.7,1004,97,10.8,Rain
Basti,2026-09-03,24.7,28,25.9,28.1,93,4.1,1004,95,10.1,Rain
Bhadohi,2026-09-03,24.1,28.2,26,27.5,90,2,1004,100,11.8,Rain
Bulandshahr,2026-09-03,24.9,34,29.4,33.3,75,2.8,1003,38,3.5,Clouds
Chandauli,2026-09-03,24.5,27.1,25.6,26.7,92,1.4,1004,100,9.9,Rain
Chitrakoot,2026-09-03,24.3,27.5,25.6,26.9,89,3.2,1004,100,2.2,Clouds
Deoria,2026-09-03,24.8,28.5,26,27.8,91,3.9,1004,98,11,Rain
Etah,2026-09-03,24.9,32.7,28.6,32,78,3.1,1003,87,4.2,Rain
Farrukhabad,2026-09-03,25,30.3,27.1,29.6,86,3.4,1004,100,2.2,Rain
Fatehpur,2026-09-03,24.4,29.3,26.5,28.5,90,1.5,1003,99,22.4,Rain
Ghazipur,2026-09-03,24.7,26.5,25.7,26.3,93,1.3,1004,100,26.7,Rain
Gonda,2026-09-03,24.1,26.2,25,25.8,96,3.8,1004,93,12.9,Rain
Hamirpur,2026-09-03,24.5,28.6,26.5,28.6,88,1.6,1003,99,8.7,Rain
Hapur,2026-09-03,24.6,34,29,33,77,2.8,1003,25,6,Clouds
Hathras,2026-09-03,25.5,34.8,29.9,34.1,72,3,1003,58,3.3,Clouds
Jalaun,2026-09-03,25.3,31.4,27.5,30.2,84,1.7,1003,99,22.2,Rain
Jaunpur,2026-09-03,24.5,26.8,25.6,26.7,93,1.1,1004,99,11.7,Rain
Kannauj,2026-09-03,25,28.1,26.3,28.2,90,3.2,1004,99,2.5,Clouds
Kanpur Dehat,2026-09-03,27.7,34.7,30.7,32.7,82,3.9,1001,67,0,Clouds
Kasganj,2026-09-03,25,32.6,28.7,32.3,77,3.1,1003,95,2.9,Rain
Kaushambi,2026-09-03,26.9,38.4,32.5,36.9,59,3,1003,30,4.3,Rain
Kheri,2026-09-03,24.1,27.7,25.4,27.1,93,3.2,1004,88,11,Rain
Kushinagar,2026-09-03,24.2,28.1,25.8,27.6,92,3.9,1004,99,13.6,Rain
Lalitpur,2026-09-03,23,28.8,25.7,27.2,81,3.7,1005,100,7.4,Rain
Maharajganj,2026-09-03,24.3,26.5,25,25.8,94,4,1005,99,4.1,Rain
Mahoba,2026-09-03,23.6,26.1,24.6,25.4,91,3.6,1004,100,17,Rain
Mainpuri,2026-09-03,24.9,31.5,27.8,31.1,83,2.7,1003,98,7.6,Rain
Mau,2026-09-03,25,28.5,26.2,28.2,91,3,1004,96,24,Rain
Mirzapur,2026-09-03,24.4,27.8,25.9,27.7,89,2.1,1004,100,5.7,Rain
Orai,2026-09-03,25,30.6,26.7,28.9,87,1.4,1004,99,23.7,Rain
Pilibhit,2026-09-03,23.9,29.6,26.3,28.9,90,3.1,1004,73,15,Rain
Pratapgarh,2026-09-03,21.4,28.3,24.5,25.4,78,4.7,1007,88,0.1,Clouds
Sant Kabir Nagar,2026-09-03,27.4,34.4,30.4,32.4,72,7.3,1000,22,0,Clear
Shahjahanpur,2026-09-03,24.4,30.2,26.7,29.4,88,3.6,1004,90,7.1,Rain
Shamli,2026-09-03,24.5,34.3,28.1,31.3,81,2.9,1003,51,2.8,Rain
Shravasti,2026-09-03,29.9,36.9,32.9,34.9,66,7,1016,31,0,Clouds
Siddharthnagar,2026-09-03,32.1,39.1,35.1,37.1,74,4.3,1007,11,7.3,Rain
Sonbhadra,2026-09-03,29.7,36.7,32.7,34.7,54,2.6,1016,20,0,Haze
Sultanpur,2026-09-03,24.7,27.8,26.2,28.6,91,2.3,1004,99,19.2,Rain
Unnao,2026-09-03,24.9,26.5,25.8,26.4,93,2.2,1003,100,5.1,Rain
Gautam Buddha Nagar,2026-09-03,32.4,39.4,35.4,37.4,70,6,1002,22,0,Mist
Amroha,2026-09-03,24,31.8,27.4,30.4,84,3,1004,75,11.3,Rain
Baghpat,2026-09-03,25.2,35.5,30.2,34.5,71,3.1,1003,23,4.8,Clear
Balrampur,2026-09-03,24.2,27.8,25.5,26.8,91,4.8,1004,89,3.8,Rain
Amethi,2026-09-03,24.9,28.5,26.4,28.9,91,2,1004,99,14.6,Rain
Mau Nath Bhanjan,2026-09-03,32,39,35,37,56,2.5,1006,47,0,Haze
